MMM,Kimberly F Price "Kim",Michael G Vale,Joaquin Delgado,James L Bauman "Jim",Hak Cheol Shin,Paul A Keel,Bruce Jermeland,Jon T Lindekugel,Ivan K Fong,Michael F Roman,Gregg M Larson,Nicholas C Gangestad "Nick",Marlene M McGrath,Julie L Bushman,Inge G Thulin,Frank R Little,Ashish K Khandpur
ABT,Andrew H Lane,Brian B Yoor,Robert E Funck,Roger M Bird,Joseph Manning,Heather L Mason,Stephen R Fussell "Steve",Eric S Fain,Miles D White,Robert B Ford,Hubert L Allen,Scott Leinenweber,Brian J Blaser,Valentine Yien,Jared L Watkin,Thomas G Frinzi "Tom",Denis M Gestin,Michael T Rousseau,Jaime Contreras,John M Capek,Deepak Nath,Daniel Gesua Sive Salvadori
ABBV,Laura J Schumacher,Timothy J Richmond,Henry O Gosebruch,William J Chase,Liz Shea,Michael E Severino "Mike",Richard Gonzalez,Robert A Michael,Azita Saleki-Gerhardt,Carlos Alban
ACN,David P Rowland,Richard A Lumb,Jean-Marc Ollagnier,Daniel T London,Gianfranco Casati,Ellyn J Shook,Debra A Polishook "Debbie",Joel Unruch,Pierre Nanterme,Robert E Sell "Bob",Johan G Deblaere "Jo",Laurence Morvan,Angie Park,Neelabhro Deb,Alexander M Van 'T Noordende "Sander",Chad T Jerdee,Julie Spellman Sweet
ATVI,Michael Morhaime "Mike",Robert A Kotick "Bobby",Dennis Durkin,Brian M Stolz,Riccardo Zacconi,Christopher B Walther "Chris",Thomas Tippl,Eric Hirshberg,Amrita Ahuja
AYI,C Dan Smith,Richard K Reece,Mark A Black,Vernon J Nagel
ADBE,Bradley Rencher "Brad",John F Murphy,Mark S Garrett,Matthew A Thompson "Matt",Bryan S Lamkin,Abhay Parasnis,Donna Morris,Michael Saviage "Mike",Michael A Dillon "Mike",Shantanu Narayen,Ann Lewnes
AMD,Mark D Papermaster,Beth Ozmun,Forrest E Norrod,James R Anderson "Jim",Darla M Smith,Lisa T Su,Ruth Cotter,Devinder Kumar,Harry A Wolin
AAP,Kevin Quinn,Charles E Tyson,Thomas R Greco "Tom",Thomas Okray "Tom",William H Carter "Bill",Natalie Rothman Schechtman,Robert B Cushing "Bob",Tammy Moss Finley,Jeffrey Shepherd,Zaheed Mawani
AES,Tish Mendoza,Ahmed Pasha,Thomas M O'Flynn "Tom",Elizabeth Hackenson,Brian A Miller,Bernerd Da Santos,Andres Ricardo Gluski Weilert
AET,Karen S Lynch,Sharon A Virag,David Buda,Joseph F Krocheski,David Edelman,Gary W Loveman,Shawn M Guertin,Margaret M McCarthy,Francis S Soistman "Fran",Mark T Bertolini,Thomas J Sabatino "Tom",Harold L Paz
AMG,Selene Oh,Sean M Healey,Jay C Horgen,David M Billings,Nathaniel Dalton "Nate"
AFL,Hiroshi Yamauchi,Eric M Kirsch,Robin Y Wilkey,Kriss Cloninger,Charles D Lake,Frederick John Crawford,Kenneth Janke,Audrey Boone Tillman,June P Howard,Koji Ariyoshi,Teresa L White,Paul Shelby Amos,Max K Broden,Daniel P Amos "Dan",J Todd Daniels
A,Darlene J S Solomon,Rodney Gonsalves,Guillermo Gualino,Mark Doak,Henrik Ancher-Jensen,Patrick K Kaltenbach,Samraat Raha "Sam",Didier Hirsch,Jacob Thaysen,Dominique P Grau,Michael R McMullen "Mike",Alicia Rodriguez,Michael Tang
APD,Corning F Painter,Simon R Moore,Seifollah Ghasemi "Seifi",Sean D Major,Greg Weigard,Russell A Flugel,Mary T Afflerbach,Jennifer L Grant,Michael Scott Crocco
AKAM,James Gemmell "Jim",F Thomson Leighton,Rick M McConnell,William Wheaton "Bill",Robert Blumofe,Tom Barth,James Benson "Jim",Melanie Haratunian
ALK,Brandon S Pedersen,Kyle Levine,Lavanya Sareen,Christopher M Berry,Bradley D Tilden "Brad",Andrew R Harrison
ALB,Donald J Labauve,John Mitchell,Raphael Crawford,Luther C Kissam "Luke",Matthew K Juneau "Matt",Silvio Ghyoot,Karen G Narwold,Scott A Tozier
ARE,Thomas J Andrews,Stephen A Richardson,Jennifer J Banks,Todd S Miller,Peter M Moglia,Daniel J Ryan,Dean A Shigenaga,Bret E Gossett,Joel S Marcus,Jackie B Clem
AGN,Brenton L Saunders "Brent",Maria Teresa Hilado "Tessa",Karen Ling,A Robert D Bailey "Bob",Stephen M Kaufhold,William J Meury "Bill",C David Nicholson,James C D'Arecca,Robert A Stewart "Bob"
LNT,Douglas R Kopp,Ben Bilitz,James H Gallegos "Jim",Wayne A Reschke,Robert J Durian,David De Leon,Susan Trapp Gille,John O Larsen,Patricia Leonard Kampling "Pat"
ALXN,Ludwig N Hantson,Heidi L Wagner,Elena Ridloff,Martin Mackay,Carsten Thiel,Julie O'Neill,John B Moriarty,Leonard Bell "Lenny",David John Anderson "Dave",Brian Krex,Clare Carmichael
ALLE,Michael Wagnes,Lucia Veiga Moretti,Tracy L Kemp,Timothy P Eckersley "Tim",Douglas P Ranck "Doug",Todd Graves,David D Petratis "Dave",Jeffrey N Braun "Jeff",Jeffrey P Wood,Chris E Muhlenkamp,Patrick S Shannon
ADS,Melisa A Miller,Jeff Chesnut,Charles L Horn,Joseph L Motes,Laura Santillan,Tiffany Louder,Edward J Heffernan "Ed"
ALL,Samuel H Pilch,Mary Jane B Fortin,Matthew E Winter "Matt",Thomas Wilson,Don Civgin,John Griek,Susan L Lees "Susie",Steven E Shebik "Steve"
GOOGL,Gregory J McCray "Greg",Ruth M Porat,James G Campbell "Jim",Ellen West,David C Drummond,Sundar Pichai,Lawrence E Page "Larry",Sergey Brin,Eric Emerson Schmidt
GOOG,Gregory J McCray "Greg",Ruth M Porat,James G Campbell "Jim",Ellen West,David C Drummond,Sundar Pichai,Lawrence E Page "Larry",Sergey Brin,Eric Emerson Schmidt
MO,Daniel J Bryant,Howard A Willard,Charles N Whitaker "Charlie",Denise F Keane,James E Dillard "Jim",Dennis Song,W Hildebrandt Surgner,Salvatore Mancuso "Sal",Martin J Barrington "Marty",Ivan S Feldman,William F Gifford "Billy"
AMZN,David A Zapolsky,Shelley L Reynolds,Andrew R Jassy "Andy",Darin Manney,Brian T Olsavsky,Jeffrey A Wilke,Jeffrey P Bezos "Jeff",Jeffrey M Blackburn,Kurt H Zumwalt
AEE,Martin J Lyons Jr,Michael L Moehn,Bruce A Steinke,Richard J Mark,Gregory L Nelson "Greg",Doug Fischer,Warner L Baxter
AAL,Beverly K Goulet,Stephen L Johnson,Elise R Eberwein,Daniel E Cravens,Robert D Isom,Maya Leibman,Danielle L Kirgan,Thomas T Weir "Tom",Derek J Kerr,William Douglas Parker "Doug"
AEP,Brian X Tierney,Lonni L Dieck,Robert P Powers "Bob",Bette Jo Rozsa,Lana L Hillebrand,Joseph M Buonaiuto,Charles R Patton,David M Feinberg,Paul Chodak,Lisa M Barton,Nicholas K Akins "Nick",Charles E Zebula "Chuck"
AXP,Stephen Joseph Squeri,Marc D Gordon,Jeffrey C Campbell "Jeff",Kenneth I Chenault "Ken",Paul H Hough,Ashwini Gupta "Ash",Michael J O'Neill "Mike",David Yowan,Paul Fabara,Toby Willard,L Kevin Cox,Laureen E Seeger,Anre D Williams,James P Bush "Jim",Susan Sobbott,Douglas E Buckminster
AIG,Robert Scheinerman,Elizabeth A Werner,Rose Marie Glazer,Donnalee Demaio,Todd Solash,Alessandrea Quane "Alessa",Jeffrey Joy Hurd,Martha Gallo,Peter Y Solmssen,Cindy Leggett-Flynn,Sid Sankaran,Doug Dachille,Robert S Schimek "Rob",Peter D Hancock,Kevin T Hogan
AMT,Thomas A Bartlett "Tom",Amit Sharma,Steven C Marshall,Edmund Disanto "Ed",Leah C Stearns,James D Taiclet,William H Hess "Hal",Robert Joseph Meyer
AWK,Edward D Vallejo,Melissa K Wikle,Mark F Strauss,Loyd Warnock "Aldie",Linda G Sullivan,Melanie Kennedy,Susan N Story,Jennifer Gambol,Michael A Sgro "Mike",Eric Palm,Jeffrey L McIntyre,Walter J Lynch
AMP,John R Woerner,Neal Maglaque,James M Cracchiolo "Jim",William Frederick Truscott "Ted",Joseph Edward Sweeney
ABC,Peyton R Howell,Tim G Guttman,John G Chou,Keri P Mattox,James D Frary,Gina K Clark,Jack F Quinn,Lazarus Krikorian,Dale B Danilewitz,Sun Park,Robert P Mauch "Bob",Steven H Collis "Steve",Kathy H Gaddes,James F Cleary
AME,John Wesley Hardin,Kevin C Coleman,Frank S Hermance,Ronald J Oscher "Ron",Timothy N Jones "Tim",Tony J Ciampitti,David A Zapico,Thomas M Montgomery,Thomas C Marecic "Tom",William J Burke
AMGN,Anthony C Hooper "Tony",Jonathan P Graham,Arvind Sood,David W Meline,Cynthia M Patton,Esteban Santos,Robert A Bradway,Sean E Harper,Mary A Lehmann,David A Piacquad,Brian M McNamee
APH,Luc Walter,Craig A Lampo,William J Doherty,Michael R Ivas,Lance E D'Amico,Dietrich Ehrmanntraut,Yaobin Gu "Richard",David Silverman,R Adam Norwitt,Martin W Booker,Richard E Schneider,Patrick Gillard,Jean-Luc Gavelle,Zachary W Raley,John Treanor,Thomas Meotti
APC,R A Walker "Al",Ernie Leyendecker,Darrell E Hollek,Mitchell W Ingram "Mitch",Christopher O Champion,Robin Fielder,Robert K Reeves "Bobby",Robert G Gwin,Albert L Richey
ADI,Eileen Wynne,Peter Real,Margaret K Seif "Marnie",Jean Philibert,Ali Husain,Vincent T Roche,Rick D Hess,Martin Cotter,Joseph John Hassett
ANTM,John E Gallina,Douglas Simpson "Doug",Gloria M McCarthy,Ronald W Penczek,Joseph R Swedish,Brian T Griffin,Jose D Tomas,Peter D Haytaian "Pete",Thomas C Zielinski,Craig E Samitt
AON,Scott L Malchow,Julie Page,Laurel Meissner,Kristi A Savacool,Gregory C Case "Greg",Tom Fitzgerald,Craig Guiliano,Jeremy Goodman,John G Bruno,Christa Davies,Warren Mula,Peter Lieb
APA,Stephen J Riney,Rebecca A Hoyt "Becky",Gary T Clark,Timothy J Sullivan,W Kregg Olson,James Lynn House,Grady L Ables,Jon A Graham,John J Christmann,Rajesh Sharma "Raj",P Anthony Lannie
AIV,Patti K Fielding,Jennifer Johnson,Paul L Beldin,Lisa R Cohn,Elizabeth Coalson,Terry Considine,John E Bezzant,Keith M Kimmel,Miles Cortez
AAPL,Daniel Riccio "Dan",Angela J Ahrendts,Gary Joseph Wipfler,Johny Srouji,Eduardo H Cue "Eddy",D Bruce Sewell,Jeffrey E Williams "Jeff",Luca Maestri,Tor Myhren,Timothy Donald Cook "Tim",Jonathan Ive "Jony",Nancy Paxton,Craig Federighi,Philip W Schiller "Phil"
AMAT,Robert J Halliday "Bob",Robert Friess,Gary E Dickerson,Ginetto Addiego "Gino",Omkaram Nalamasu "Om",Michael Sullivan,Thomas F Larkins "Tom",Charles Read,Ali Salehpour
ADM,Ian P Pinner,Vincent F Macciocchi "Vince",Donald Cameron Findlay,Ray G Young,Todd Werpy,Juan Ricardo Luciano,Ronald S Bandler,Joseph Daniel Taets "Joe",Gregory A Morris "Greg",John P Stott,Mark Schweitzer,Ismael Roig,Vikram Luthar
ARNC,Ken Giacobbe,Karl Tragl,W Paul Myron,Katherine Hargrove Ramundo,David P Hess,Peter Hong,Christoph Kollatz,Vas Nair,Kay H Meggers,Timothy D Myers "Tim"
AJG,James W Durkin "Jim",Joel D Cavaness,William F Ziebell,Douglas K Howell,Walter D Bay,James S Gault "Jim",Susan E Pietrucha,Scott R Hudson,Raymond Iardella,Thomas J Gallagher "Tom",Richard C Cary,J Patrick Gallagher
AIZ,Doris Vigo,Ajay Waghray,Christopher J Pagano,Gene E Mergelmeyer,Robyn H Price Stonehill,Richard S Dziadzio,Gregory Joseph Dechurch,Alan B Colberg,Bart R Schwartz,Suzanne Shepherd
T,F Thaddeus Arroyo,David S Huntley,Robert W Quinn "Bob",David R McAtee,William A Blase "Bill",Randall L Stephenson,John M Donovan,Lori M Lee,Michael J Viola "Mike",John J Stephens,John T Stankey
ADSK,Jan Becker,Andrew Anagnost,Amar Hanspal,Pascal W Di Fronzo,Steven M Blum "Steve",David Gennarelli "Dave",R Scott Herren
ADP,Christian Greyenbuhl,Michael A Bonarti,Douglas Politi "Doug",Carlos A Rodriguez,Dermot J O'Brien,Michael C Eberhard,Edward B Flynn "Ed",John Ayala,Maria Black,Brock Albinson,Donald Weinstein "Don",Deborah L Dyson,Jan Siegmund,Thomas Perrotti,Stuart Sackman
AN,Michael J Jackson "Mike",Andrew Wamser,William R Berman "Bill",Cheryl Scully Miller,Donna Parlapiano,Marc Cannon,Thomas M Conophy "Tom"
AZO,Albert Saltiel "Al",Brian Campbell,James C Griffith "Jim",Ronald B Griffin,William C Rhodes "Bill",William T Giles "Bill",Phillip B Daniele "Phil",William W Graves,Richard C Smith "Rick",Thomas B Newbern,William R Hackney "Bill",Kristen Collier Wright,Rodney C Halsell "Rod",Charlie Pleas,Mark A Finestone
AVB,Timothy J Naughton "Tim",Jason Reilley,Edward M Schulman "Ted",Kevin P O'Shea,Keri A Shea,Sean J Breslin,William M McLaughlin "Bill",Stephen W Wilson "Steve",Matthew H Birenbaum "Matt",Michael M Feigin,Leo S Horey
AVY,Georges Gravanis,Lori J Bondar,Mitchell R Butier,Gregory S Lovins "Greg",Danny Allouche,Deon Stander,Michael Johansen,Susan Calabrese Miller,Anne Hill,Dean A Scarborough,Garrett Gabel
BHI,Archana Deskus "Archie",Murali Kuppuswamy,Kelly C Janzen,Alondra Oteyza,Belgacem Chariag,Kimberly A Ross,William D Marsh,Arthur L Soucy "Art",Martin S Craighead,Derek Mathieson
BLL,Shawn M Barker,Charles E Baker,Scott C Morrison,Daniel W Fisher,John A Hayes,James N Peterson "Jim",Jeffrey A Knobel "Jeff",Robert D Strain,Lisa A Pauley,Ann T Scott
BAC,Terrence P Laughlin,Katie Simpson,Gary G Lynch,Catherine P Bessant,Brian T Moynihan,Anne M Finucane,Bruce R Thompson,Paul M Donofrio,Andrea B Smith,Geoffrey S Greener,David G Leitch,Dean C Athanasia,Howard Boville,Thomas Kell Montag,Lee McEntire,Thong M Nguyen,Craig Froelich
BK,Thomas P Gibbons "Todd",Gerald L Hassell,Kurtis R Kurimsky,Monique R Herena,Valerie C Haertel,J Kevin McCarthy,Brian Thomas Shea,Mitchell Evan Harris,James S Wiener,Michelle Neal
BCR,Frank Lupisella,Sharon M Luboff,John P Groetelaars,Timothy M Ring,Scott T Lowry,Gerard D Porreca,Samrat S Khichi "Sam",John H Weiland,Todd W Garner,Betty D Larson,John A Deford,Jim C Beasley,Timothy P Collins,Christopher S Holland
BBT,David H Weaver,Donta L Wilson,Clarke R Starnes,Brant J Standridge,Kelly S King,William Rufus Yates,Donna C Goodrich,Christopher L Henson "Chris",Robert Jerome Johnson "Bob",Barbara F Duck,Daryl N Bible,Alan W Greer,W Bennett Bradley,Jim D Godwin
BDX,James Lim,Jeffrey S Sherman,Gary M Defazio,John E Gallagher,Vincent A Forlenza,Alberto Mas,Alexandre Conroy,Monique N Dolecki,Christopher R Reidy "Chris",Gary M Cohen,Stephen Sichak,Linda M Tharby,Nabil Shabshab,Thomas E Polen
BBBY,Eugene A Castagna,Susan E Lattmann,Matthew Fiorilli,Steven H Temares "Steve",Arthur Stark,Warren Eisenberg,Leonard Feinstein,Janet Barth
BRK.B,
BRK,Sharon L Heck,Daniel J Jaksich,Rebecca K Amick,Marc D Hamburg,Kerby S Ham,Mark D Millard,Warren E Buffett,Charles T Munger "Charlie"
BBY,Asheesh Saksena,Matthew Watson,Hubert Joly,Mollie O'Brien,Shari L Ballard,Paula F Baker,Corie Barry,Whit Alexander,R Michael Mohan "Mike",Keith J Nelsen,Trisha Walker
BIIB,Paul J Clancy,Alfred W Sandrock,Kenneth A Dipietro,Gregory F Covino,Susan H Alexander,Adriana Karaboutis "Andi",Benjamin Strain,Michael D Ehlers,Paul McKenzie,Michel Vounatsos
BLK,Gary Stephen Shedlin,Robert William Fairbairn "Rob",Mark Seumas McCombe,David Jakob Blumer,Tom Wojcik,Robert Steven Kapito,John Richard Kushel "Rich",Christopher Joseph Meade,Robert Lawrence Goldstein "Rob",Philipp M Hildebrand,Ryan David Stork,James Badenhausen "Jim",Bennett W Golub,Barbara Goldman Novick,Linda Gosden Robinson,Jeffrey A Smith "Jeff",Laurence Douglas Fink,Frank Cooper
HRB,Jason L Houseworth,Scott W Andreasen,Thomas A Gerke "Tom",Joel L Campbell,Tony G Bowen,William Charles Cobb "Bill",Colby R Brown
BA,Gregory D Smith "Greg",Raymond L Conner "Ray",Stanley A Deal,Kevin G McAllister,Diana L Sands,Thomas J Downey "Tom",Scott A Fancher,Leanne Caret,Patrick M Shanahan "Pat",Bertrand-Marc Allen "Marc",Timothy J Keating "Tim",Troy J Lahr,J Michael Luttig "Mike",Greg L Hyslop,Heidi B Capozzi,Theodore Colbert "Ted",Dennis A Muilenburg
BWA,Ronald T Hundzinski "Ron",John J Gasparovic,Thomas J McGill,Toint M Calaway,James R Verrier
BXP,Robert E Pester,Raymond A Ritchey,Michael E LaBelle,Peter D Johnston,John F Powers,Frank D Burt,Douglas T Linde,Arista Joyner,Owen D Thomas,Bryan J Koop,Michael R Walsh
BSX,Susan Vissers Lisa,David A Pierce,John B Sorenson,Daniel J Brennan,Wendy Carruthers,Eric Thepaut,Jeffrey B Mirviss,Supratim Bose,Michael P Phalen,Ian Meredith,Kevin J Ballinger,Edward F Mackey,Maulik Nanavaty,Arthur C Butcher,Timothy A Pratt,Michael F Mahoney "Mike",Vance R Brown,Joseph Michael Fitzgerald,John Michael Onuscheck
BMY,Ann Nielsen,Charles A Bancroft,Paul Von Autenried,Giovanni Caforio,Thomas J Lynch,Emmanuel Blin,Ann Powell Judge,Sandra Leung,John E Elicker,Louis S Schmukler "Lou",Joseph C Caldarella,Murdo Gordon
AVGO,Charlie B Kawwas,Ashish Saran,Bryan T Ingram,Thomas H Krause,Patricia H McCall,Hock E Tan,Kirsten Spears,Henry S Samueli
BF.B,
BF,Martin Brudermueller,Michael Heinz,Saori Dubourg,Stefanie Wettberg,Wayne T Smith,Margret Suckale,Sanjeev Gandhi,Kurt W Bock,Hans-Ulrich Engel,Harald Schwager
CHRW,Jeroen Eijsink,Angela K Freeman "Angie",Jordan T Kass,Christopher J O'Brien,Robert Biesterfeld "Bob",John P Wiehoff,Troy A Renner,Michael J Short "Mike",Chad M Lindbloom,Tim Gagnon,James P Lemke "Jim",Ben G Campbell,Andrew C Clarke
CA,Ayman Sayed,Kieran J McGrath,Michael C Bisignano,Traci T Tsuchiguchi,Otto Berkes,Paul L Pronsati,Adam Elster,Jacob Lamm,Michael P Gregoire "Mike",Lauren Patricia Flaherty,Anthony J Radesca
COG,Phillip L Stalnaker "Phil",G Kevin Cunningham,Todd M Roemer,Dan O Dinges,Steven W Lindeman,Scott C Schroeder,Jeffrey W Hutton,Matthew P Kerin,Todd L Liebl,Deidre L Shearer
CPB,William J O'Shea "Bill",Edward Carolan "Ed",Anthony P Disilvestro,Carlos J Barroso,Ashok Madhavan,Kenneth Gosnell,Robert W Morrissey,Luca Mignini,Denise M Morrison,Adam G Ciongoli,David Stangis,Mark R Alexander,Richard J Landers,Charles A Brawley III
COF,Michael C Slocum,Richard Dana Fairbank,Richard Scott Blackley,Kevin S Borgmann,Jeff Norris,Christopher T Newkirk,Shelby L Davis,Jory A Berson,Frank G LaPrade,Thomas A Feil,Sanjiv Yajnik,Robert M Alexander,John G Finneran
CAH,Michael C Kaufmann "Mike",Pamela O Kimmet,Stephen T Falk "Steve",George S Barrett,Craig S Morford,Jon L Giacomin,Mike Duffy,Sally J Curley,Patricia B Morrison "Patty"
CBOE,Edward T Tilly "Ed",Joanne Moffic-Silver,Alan J Dean,Chris Concannon,David S Reynolds,Deborah L Koopman "Debbie",Gerald T O'Connell
KMX,William C Wood "Cliff",Diane Long Cafritz,Andy McMonigle,James R Lyski,William D Nash "Bill",Thomas W Reedy "Tom",Edwin J Hill,Julie Reed,Shamim Mohammad,Eric M Margolin,Enrique Mayor Mora,Katharine W Kenny,Jon G Daniels
CCL,Beth Roberts,Arnold W Donald,Darrell Campbell,Arnaldo Perez,Michael Thamm,David Bernstein,Stein Kruse,Alan B Buckelew
CAT,Denise C Johnson,Jananne A Copeland "Janie",George H Taylor,D James Umpleby "Jim",Julie A Lagacy,Edward J Scott,Robert B Charter "Rob",Thomas A Pellette "Tom",Kyle J Epley,Jill Daugherty,Bradley M Halverson "Brad",Bob De Lange,James B Buda "Jim",Amy A Campbell
CBG,Robert E Sulentic "Bob",Gil Borok,Madeleine G Barber,J Christopher Kirk "Chris",Brad Burke,Michael J Lafitte "Mike",Chandra Dhandapani,William F Concannon "Bill",Calvin W Frese "Cal",Laurence H Midler,Silvio Petriello,T Ritson Ferguson,James R Groch,Debbie Fan
CBS,Joseph Ianniello,Adam Townsend,Anthony G Ambrosio,Richard M Jones,Lawrence P Tu,Jonathan H Anschell,Lawrence Liding "Larry",David Hillman,Leslie Moonves "Les",Gil Schwartz
CELG,Patrick Flanigan,Richard H Bagger,Peter N Kellogg,Gerald F Masoudi,Robert J Hugin "Bob",Scott A Smith,Thomas O Daniel,Mark J Alles,Terrie Curran,Rupert Vessey
CNC,Edmund E Kroll,Michael F Neidorff,Christopher R Isaak,Jesse N Hunter,Cynthia J Brinkley "Cindy",Keith H Williamson,Christopher D Bowers,Mark J Brooks,Jeffrey A Schwaneke
CNP,Tracy B Bridge,Carla Kneipp,Kristie Colvin,Scott M Prochazka,Milton Carroll,Scott Doyle,Susan B Ortenstone "Sue",Dana C O'Brien,Jason Ryan,Joe Vortherms,William D Rogers "Bill"
CTL,Stacey W Goff,Girish K Varma,Aamir Hussain,William E Bradley "Bill",Glen F Post,David D Cole,G Clay Bailey,R Stewart Ewing,John Delozier,Erich Sanchack,Gary Gauba,Maxine L Moreau,Tim Meehan,Scott Arthur Trezise,Tony Davis,Dean J Douglas "Doug"
CERN,Julia M Wilson,Jeffrey A Townsend,Randy D Sims,Michael R Nill,Neal L Patterson,Allan Kells,Marc G Naughton,Zane M Burke
CF,Wendy Spertus Jablow,Dennis P Kelleher,Richard A Hoker,Dan Swenson,Bert A Frost,Adam Hall,Douglas C Barnard "Doug",Martin Jarosick,W Anthony Will "Tony",Christopher D Bohn "Chris"
SCHW,Walter William Bettinger,Charles R Schwab "Chuck",Marie Anastasia Chandoha,Peter Brooks Crawford,Joe Martinetto,Terri Giyan Rae Kallsen,Bernard J Clark "Bernie",David R Garfield,Nigel J Murtagh,Richard G Fowler
CHTR,Richard R Dykhouse "Rick",Christopher L Winfrey "Chris",James Blackley,Philip G Meeks "Phil",Thomas E Adams "Tom",Scott Weber,Kathleen Mayo "Kip",Catherine C Bohigian,Jonathan Hargis "Jon",David G Ellen,Richard J Digeronimo "Rich",Tom Montemagno,James Nuzzo,Paul Marchand,Justin Blaber,John Bickham,Donald F Detampel "Don",Thomas M Rutledge "Tom",David Kline,Kevin D Howard,Mike Bair
CHK,Cathlyn L Tompkins,James R Webb "Jim",Mikell J Pigott "Jason",Brad D Sylvester,Robert D Lawler,Domenic J Dell'Osso,Michael A Johnson,Frank J Patterson
CVX,Pierre R Breber,Joseph C Geagea "Joe",Patricia E Yarrington "Pat",Mary A Francis,R Hewitt Pate "Hew",Randolph S Richards "Randy",James W Johnson "Jay",Frank Mount,John S Watson,Michael K Wirth "Mike"
CMG,Mark Crumpacker,Mark Alexee,Curtis Evander Garner "Curt",John R Hartung "Jack",Steve Ells
CB,Joseph F Wayland "Joe",Juan C Andrade,Soledad Mune,Helen M Wilson,Rainer Kirchgaessner,John Thompson,John J Lupica,Sean Ringsted,Timothy A Boroughs,John W Keogh,Philip V Bancroft,Evan G Greenberg,Paul J Krump
CHD,Paul A Siracusa,Steven J Katz,Richard A Dierker,Louis H Tursi,Steven P Cugine,Britta Bomhard,Patrick D De Maynadier,Judy A Zagorski,Mark G Conish,Matthew T Farrell "Matt"
CI,Alan M Muney,Matthew G Manders "Matt",Christopher Hocevar,Jason D Sadler,David M Cordani
XEC,John A Lambuth,Stephen P Bell,Mark Burford,Joseph R Albi,Karen Acierno,Thomas E Jorden "Tom",Gary R Abbott,Francis B Barron,Krista L Johnson,Timothy A Ficker,Sherri M Nitta
CINF,Marty Hollenbeck,Steven J Johnston,Dennis E McDaniel,Michael J Sewell "Mike",Lisa A Love
CTAS,J Phillip Holloman,J Michael Hansen "Mike",Scott D Farmer,Thomas E Frooman,Paul F Adler
CSCO,Kevin Bandy,Roger Biscay,John T Chambers,Kelly A Kramer,Prat S Bhatt,Rebecca Jacoby,Marilyn Mora,Charles H Robbins "Chuck",Chris Dedicoat,Karen Walker
C,Jeffrey R Walsh,Mike Corbat,James Anthony Forese,Brad Hu,John C Gerspach
CFG,Bruce Van Saun,Brad L Conner,Mary Ellen Baker,Malcolm D Griggs,Ellen Taylor,Randall J Black,Donald H McCree "Don",Stephen T Gannon "Steve",John F Woods
CTXS,Antonio G Gomes "Tony",Jeroen Van Rotterdam,Donna Kimmel,Eduardo Fleites,Bill Burley,David James Henshall,T Geir Ramleth,Kirill Tatarinov,Carlos E Sartorius,Jessica Soisson,Mark M Coyle,Tim Minahan,Robert M Calderoni "Bob"
CLX,Steven Austenfeld "Steve",Manjit Singh,James E Foster,Linda Rendle,Laura Stein,Eric Reynolds,Matthew Laszlo "Matt",Jon Balousek,Jeff Baker,Benno Dorer,Charles R Conradi,Denise A Garner,Dawn Willoughby,Michael J Costello,William Bailey "Bill",Stephen M Robb "Steve",Kirsten Marriner
CME,John W Pietrowicz,Derek Sammann,Hilda Harris Piell,Sean P Tully,Kevin Kometer,Julie Winkler,Kimberly S Taylor "Kim",Bryan T Durkin,Kathleen M Cronin,John Peschier,Jack Tobin,Julie Holzrichter,Sunil Cutinho,Terrence A Duffy
CMS,Catherine A Hendrian "Cathy",Melissa M Gleespen,Brian Rich,David G Mengebier,Jean-Francois Brossoit,Venkat Dhenuvakonda Rao,Glenn P Barba,Garrick J Rochow,Daniel J Malone "Dan",Phillip McAndrews,Thomas J Webb,Catherine M Reynolds,Patricia Kessler Poppe "Patti"
COH,Todd Kahn,Victor Luis,Joshua G Schulman,Sarah Dunn,Ian M Bickley,Andre Cohen,Kevin G Wills
KO,Beatriz R Perez "Bea",Barry Simpson,Brent Hastie,Clyde C Tuggle,Chris Nolan,Jennifer K Mann,Ed Hays,Larry M Mark,Timothy K Leveridge "Tim",Marcos De Quinto,Kathy N Waller,Muhtar Kent,Ceree Eberly,J Alexander M Douglas "Sandy",Francisco Javier Crespo Benitez,John J Murphy,Mark Randazza,Alfredo Rivera,James R Quincey,Irial P Finan,Mark Eppert,Robert Long,Bernhard Goepelt,Julie Hamilton,Lee Coker
CTSH,Francisco D'Souza,David Nelson,Dharmendra Kumar Sinha,Gajakarnan Vibushanan Kandiah,Malcolm Frank,Debashis Chatterjee,Karen A McLoughlin,Steven Schwartz,Brackett B Denniston III,Ramakrishna Prasad Chintamaneni,Rajeev Mehta "Raj",Sumithra Gomatam,Srinivasan Veeraraghavachary,Venkat Krishnaswamy,Lakshmi Narayanan
CL,Mukul Deoras,Jennifer M Daniels,Noel R Wallace,Elaine C Paik,Daniel B Marsili,Victoria L Dolan,Ian M Cook,John J Huston,Dennis J Hickey,Peter Justin Skala,John A Faucher
CMCSA,David N Watson "Dave",Michael J Cavanagh,Kathryn A Zachem "Kathy",Arthur R Block "Art",Daniel C Murdock "Dan",Brian L Roberts,Neil Smit,Stephen B Burke "Steve",David L Cohen,Jason S Armstrong,William E Dordelman "Bill"
CMA,Peter W Guilfoile,James J Herzog "Jim",Mark A Simmons,Darlene P Persons,Ralph W Babb,Nathaniel Bennett,David E Duprey,Christine Moore,Muneera S Carr,Curtis C Farmer,Megan D Burkhart,Melinda Chausse,Judith S Love,Michael H Michalak
CAG,David B Biegger "Dave",Charisse Brock,Colleen R Batcheler,Sean M Connolly,David S Marberger,Robert G Wise,Johan Nystedt,Thomas M McGough "Tom",Darren C Serrao,Jill Rahman,Thomas P Werner "Tom"
CXO,Timothy A Leach "Tim",Brenda R Schroer,Jack F Harper,Megan P Hays,J Steve Guthrie,Rick Morton,C William Giraud "Will",Travis L Counts,E Joseph Wright "Joe"
COP,Mehmet F Muftuoglu,Matthew J Fox "Matt",Janet Langford Carrig "Kelly",Donald Evert Wallette "Don",Andrew D Lundquist,Alan J Hirshberg,Ryan M Lance,Glenda M Schwarz,Ellen R Desanctis,James D McMorran
ED,John J McAvoy,Yukari Saegusa,Jan C Childress,Elizabeth D Moore,Robert Muccilo,Robert N Hoglund,Jeanmarie Schieler,Timothy P Cawley "Tim"
STZ,Patty Yahn-Urlaub,F Paul Hetterich,John A Wright "Jay",Thomas M Kane,Richard E Sands,William F Hackett,Robert S Sands "Rob",Thomas J Mullin,David Klein
GLW,Martin J Curran "Marty",Christine M Pambianchi,Wendell P Weeks,R Tony Tripeny,Eric S Musser,James P Clappin,Lisa Ferrero,Jeffrey W Evenson,Clark S Kinlin,Lawrence D McRae,Mark S Rogus,Edward A Schlesinger,David L Morse,Ann HS Nicholson,Lewis A Steverson
COST,Richard A Galanti,Paul G Moulton,Dennis R Zook,Ron M Vachris,John Sullivan,Daniel Hines,Franz E Lazarus,Timothy L Rose,W Craig Jelinek,Joseph P Portera,James P Murphy,Bob Nelson,John D McKay
COTY,Kevin Monaco,Patrice De Talhouet,Mario Reis,Edgar O Huber,Ralph Macchio,Laurent Kleitman,Ayesha Zafar,Lambertus J H Becht "Bart",Camillo Pane,Sylvie Moreau,Sebastien Froidefond
CCI,Daniel K Schlanger,Philip M Kelley,Jay A Brown,Son Nguyen,Kenneth J Simon "Ken",James D Young,Donald J Reid,W Benjamin Moreland "Ben"
CSRA,Stuart Davis,William J Haynes,Sally Sullivan,Jay Hauck,Lawrence B Prior "Larry",David F Keffer,Kenneth W Deutsch "Ken",Alexandra Veitch
CSX,Ellen M Fitzsimmons,Fredrik J Eliasson,David Baggs,E Hunter Harrison,Cynthia M Sanborn "Cindy",Frank A Lonegro,Kathleen Brandt,Carolyn T Sizemore
CMI,Patrick Joseph Ward "Pat",Livingston Lord Satterthwaite "Tony",Jill E Cook,Sherry A Aaholm,Tracy A Embree,Sharon R Barner,Steven M Chapman,Donald Jackson,Marya Mernitz Rose,N Thomas Linebarger "Tom",Richard Joseph Freeland,Srikanth Padmanabhan,Mark J Osowick,Thaddeaus B Ewald "Thad",Norbert Nusterer,Christopher C Clulow,Jennifer Rumsey,Adam Schumm,Mark A Smith
CVS,Colleen M McIntosh,Robert O Kraft "Rocky",David M Denton "Dave",Lisa G Bisaccia,Eva C Boratto,Andrew J Sussman,Thomas M Moriarty,Nancy R Christal,John David Joyner,Larry J Merlo,Helena B Foulkes,Jonathan C Roberts "Jon",Troyen A Brennan "Troy",Stephen J Gold
DHI,Bill W Wheat,David V Auld,Jessica Hansen,Thomas B Montano,Michael J Murray
DHR,Daniel L Comas,Thomas P Joyce,Robert S Lutz,Rainer Blair,Matthew E Gugino,William K Daniel,William H King,Daniel A Raskas,Brian W Ellis,Angela S Lalor,Steven M Rales
DRI,Doug Milanes,Julie Griffin,Eugene I Lee "Gene",John W Madonna,Ricardo Cardenas "Rick",Chris Chang,Susan M Connelly,Kevin Kalicak,Bill White,Todd A Burrowes,John Wilkerson,Richard L Renninger,David C George "Dave",Matthew R Broad
DVA,Jeanine M Jiganti,Kent J Thiry,Martha Ha,James Gustafson "Jim",James K Hilger "Jim",Joel Ackerman,LeAnne M Zumwalt,Michael D Staffieri,Kathleen A Macfarlane Waters,Javier J Rodriguez
DE,Todd E Davies,Markwart Von Pentz,Michael S Weinert,Jean H Gilles,James M Field,Tony Huegel,Rajesh Kalathur,Mary K W Jones,Samuel R Allen "Sam",Max A Guinn,Cory J Reed,Marc A Howze,Thomas C Spitzfaden,Joshua Jepsen,John C May
DLPH,Liam Butterworth,David Paja,Jerome J Dorlack,Allan J Brazier,Elena Doom Rosman,Susan M Suver,Joseph R Massaro "Joe",Kevin P Clark,Glen De Vos,David M Sherbin,Majdi B Abulaban
DAL,Jill Sullivan Greer,Steven M Sear,Glen W Hauenstein,Paul A Jacobson,Peter W Carter,Edward H Bastian "Ed",Kenneth Morge,Wayne Gilbert West "Gil"
XRAY,Ulrich Michel,Jeffrey T Slovin "Jeff",Joshua Zable,Maureen Macinnis,Christopher T Clark,Bret W Wise,James G Mosch "Jim",Jonathan I Friedman,Robert J Size
DVN,Bill Penhall,Michael J Stover,R Alan Marcum,Carla D Brockman,Tana Cashion,David A Hager "Dave",Susan E Alberti "Sue",Jeffrey Ritenour "Jeff",Jeremy D Humphers,Richard A Gideon "Rick",Scott Coody,Tony D Vaughn,Lyndon C Taylor
DLR,John J Stewart,Daniel W Papes "Dan",Edward F Sham,Cindy A Fiedelman,Joshua Ananda Mills,Michael Henry,Andrew P Power "Andy",Christopher Kenney "Chris",Arthur William Stein "Bill",Scott E Peterson,Jarrett Appleby
DFS,Brian D Hughes,Julie A Loeger,Kelly McNamara Corley,James V Panzarino,R Douglas Rose,Tim Schmidt,David W Nelms,R Mark Graf,Roger C Hochschild,Carlos M Minetti,Diane E Offereins,Glenn P Schneider
DISCA,Jean-Briac Perrette,Gunnar Wiedenfels,Bruce L Campbell,Kurt T Wehner,David M Zaslav,Paul Guagliardo "Guyardo",David Leavy,Eugenia Collis,Adria Alpert Romm
DISCK,Jean-Briac Perrette,Gunnar Wiedenfels,Bruce L Campbell,Kurt T Wehner,David M Zaslav,Paul Guagliardo "Guyardo",David Leavy,Eugenia Collis,Adria Alpert Romm
DISH,Michael K McClaskey "Mike",Roger J Lynch,Charles W Ergen "Charlie",W Erik Carlson,Vivek Khemka
DG,Barbara Springer,Mary Winn Pilkington,Robert D Ravener "Bob",Jeffery Carl Owen,Michael J Kindy "Mike",Anita C Elliott,John W Garratt,Todd J Vasos,Rhonda M Taylor
DLTR,Kevin S Wampler,William A Old,Michael Matacunas "Mike",Bob L Sasser,Gary A Maxwell,Gary M Philbin,Joshua R Jewett "Josh",Duncan C Mac Naughton,Michael A Witynski "Mike",David A Jacobs,Robert H Rudman "Bob",Randy Guiler,Stephen W White
D,Thomas F Farrell,Robert M Blue,Donald R Raikes,Paul E Ruppert,Steven A Rogers,David A Christian,P Rodney Blevins,Edward H Baine "Ed",Mary C Doswell,Thomas P Wohlfarth,Carlos M Brown,Michele L Cardiff,Diane G Leopold,Katheryn B Curtis,G Scott Hetzer,Mark F McGettrick,Anne E Bomar,Mark O Webb,Scot C Hathaway
DOV,Anthony K Kosinski,Patrick M Burns,James S Moran,Ivonne M Cabrera,Sivasankaran Somasundaram,S Gary Kennon,Russell E Toney,William Bosway,Paul E Goldberg,Robert A Livingston,Jay L Kloosterboer,C Anderson Fincher
DOW,Andrew N Liveris,Howard I Ungerleider,Johanna Soderstrom,Charles J Kalil,Ronald C Edmonds "Ron",Joseph E Harlan "Joe",Peter Holicki,A N Sreeram,Amy E Wilson,Neal Sheorey,James R Fitterling "Jim",Heinz Haller
DPS,David J Thomas,Larry D Young,Martin M Ellen "Marty",Philip Lain Hancock,Derry L Hobson,James L Baldwin "Jim",James J Johnston,Rodger L Collins,James R Trebilcock "Jim",Heather Catelotti
DTE,Peter B Oleksiak,David E Meador,Angela Buk,Barbara Tuckfield,Steven E Kurmas,Bruce D Peterson,Lisa A Muschong,Mark C Rolling,Donna M England,David Ruud,Gerardo Norcia "Jerry",Gerard M Anderson "Gerry"
DD,C Marc Doyle,Edward D Breen "Ed",Nicholas C Fanandakis,Douglas W Muzyka "Doug",Stacy L Fox,James C Collins "Jim",Benito Cachinero-Sanchez,Erik T Hoover,Gregory R Friedman,Donna H Grier
DUK,Dhiaa M Jamil,Franklin H Yoho,Michael Callahan "Mike",Steven K Young "Steve",Douglas F Esamann "Doug",Julia S Janson,Melissa H Anderson,Cari Boyce,William E Currens "Bill",Lloyd M Yates,Lynn J Good
DXC,Stephen Hilton,Dan Hushon,Michael R Klaus,Eric Harmon,Jo Mason,Sreekanth Arimanithaya,Mahesh Shah,Troy Richardson,J Michael Lawrie "Mike",Martin Risau,James R Smith "Jim",Erich Windmuller,Eugene O Callaghan,William L Deckelman "Bill",Gary Stockman,Howard Hughes,Michael G Nefkens "Mike",Arthur Wong "Art",Paul N Saleh,Carlos Lopez Abadia
ETFC,Glory Desimone,Rodger A Lawson,Paul W Brandow,Michael J Curcio,Michael Pizzi,Brett Goodman,Michael E Foley,Karl A Roessner,Lori Sue Sher
EMN,Brad A Lich,Michael H K Chung,Stephen G Crawford,Damon C Warmack,Perry Stuckey,Curtis E Espeland,Lucian Boldea,Mark K Cox,Gregory Allen Riddle "Greg",Mark J Costa,Scott V King,David A Golden
ETN,Revathi Advaithi,Thomas E Moran,Richard H Fearon,Ken D Semelsberger,Uday Yadav,Craig Arnold,Donald H Bullock,Heath B Monesmith
EBAY,Stephen Fisher,Devin N Wenig,Jeremy Paul Todd,Raymond J Pittman,Harry A Lawton "Hal",Scott F Schenkel,Jay Hyun Lee,Kristin Yetto,Selim Freiha,Marie Oh Huber,Joseph Bounds
ECL,Timothy P Mulhere,Alex N Blanco,Jill S Wyant,Christophe Beck,Laurie M Marsh,Thomas W Handley "Tom",Daniel J Schmechel,Stephen M Taylor "Steve",Michael A Hickey,Larry L Berger,Andrew Hedberg "Andy",Roberto Inchaustegui,Douglas M Baker
EIX,Kevin M Payne,Janet T Clayton,Ronald L Litzinger "Ron",Maria C Rigatti,Scott S Cunningham,J Andrew Murphy,Pedro J Pizarro,Gaddi H Vasquez,Adam Seth Umanoff,Jacqueline Trapp,Ronald O Nichols "Ron"
EW,Catherine M Szyman "Katie",Aimee S Weisner,Larry L Wood,Christine Z McCauley,Patrick B Verguet,Denise E Botticelli,Dennis Popovec,Michael A Mussallem "Mike",Bernard J Zovighian,Huimin Wang,Scott B Ullem,Donald E Bobo "Don",David K Erickson,Joseph Nuzzolese
EA,Christopher Bruzzo "Chris",Mala Singh,Kenneth A Barker,Kenneth Moss "Ken",Samantha Smith,Laura Miele,Joel Linzner,Andrew Wilson,Gabrielle Toledano,Peter R Moore,Chris Evenden,Patrick Soderlund,Jacob J Schatz
EMR,David N Farr,Steven Alan Sonnenberg "Steve",Edgar M Purvis "Ed",Frank J Dellaquila,Edward L Monser "Ed"
ETR,Rick Riley,Charles L Rice,Sallie Rainer,Leo P Denault,Phillip R May
EVHC,Robert J Coward "Bob",Randel G Owen,Kevin Delon Eastridge,Patrick Solomon,Craig A Wilson,Bob Kneeley,Christopher A Holden,Claire M Gulmi,William A Sanger
EOG,Michael P Donaldson,David W Trice,Eric A Dille,Robert L West,Timothy K Driggers,Lloyd W Helms,William R Thomas "Bill",Gary L Thomas,Cedric W Burgher
EQT,M Elise Hyland,Steven T Schlotterbeck,Charlene G Petrelli,David L Porges,David Schlosser,Robert Joseph McNally,Jimmi Sue Smith,Patrick J Kane,Lewis B Gardner "Lew"
EFX,Richard F Smith,John W Gamble,Coretha M Rushing,Jeffrey L Dodge "Jeff",John J Kelley,Nuala M King,Rudolfo O Ploder "Rudy",J Dann Adams,Joseph M Loughran "Trey",David C Webb,Paulino Do Rego Barros,John Thomas Hartman
EQIX,Melanie Mock,Brandi Galvin Morandi,Sara Baack,Katrina Rymill,Mark Adams,Robert Busz,Charles J Meyers,Michael Campbell "Mike",Keith D Taylor,Samuel Lee,Milind Wagle,Eric Schwartz,Brian J Lillie,Karl Strohmeyer,Stephen M Smith "Steve"
EQR,Christa L Sorenson,Marty McKenna,John Powers,Michael L Manelis,Alexander Brackenridge,Alan W George,Mark J Parrell,David S Santee,Barry S Altshuler,Mark N Tennison,Robert Garechana,David J Neithercut,Bruce C Strohm
ESS,Craig K Zimmerman,John F Burkart,Michael J Schall "Mike",Angela L Kleiman,Barb Pak,John D Eudy
EL,Marie Han Silloway,Gregory F Polcer,Tracey Thomas Travis,Daniel Rachmanis,Dennis D'Andrea,Andrew George Ross,Sara E Moss,Nancy Mahon,Maria Cristina Gonzales Noguera,Alexandra C Trower,Guillaume Jesel,Philippe Warnery,James Gager,William P Lauder,Stephane De La Faverie,Carl Haney,Matthew Parr,Fabrizio Freda,Peter Jueptner,Michael O'Hare,Jane Hertzmark Hudis,John D Demsey
ES,Werner J Schweiger,Gregory B Butler "Greg",Christine M Carmody,Jay Stephen Buth,Jeffrey R Kotkin "Jeff",Philip J Lembo,Joseph R Nolan,Richard J Morrison,James J Judge "Jim",Leon J Olivier "Lee"
EXC,Kenneth W Cornew,Christopher M Crane "Chris",Denis P O'Brien,Bruce G Wilson,Dan L Eggers,Thomas S O'Neill "Tom",William A Von Hoene,Duane M Desparte,Jonathan W Thayer "Jack",Paymon Aliabadi
EXPE,Tucker Moodey,Lance A Soliday,Robert J Dzielak,Johan Svanstrom,Mark Morrison,Dara Khosrowshahi,John Kim,Mark D Okerstrom,Alan Pickerill,Victor A Kaufman,Nikki Krishnamurthy,Barry Diller,Cyril Ranque
EXPD,Richard H Rostan,Karl Francisco,Geoffrey Buscher,William A Romberger,Daniel R Wall,Christopher J McClincy,Bradley S Powell,Philip M Coughlin,Jeffrey S Musser "Jeff",Eugene K Alger,Benjamin G Clark
ESRX,Martin P Akins,Christopher McGinnis "Chris",Glen D Stettin,Neal Sample,Steven Miller,Christine Houston,Phyllis Anderson,Everett Neville,David A Queller "Dave",Ben Bier,Eric R Slusser,Sara E Wade,Timothy C Wentworth "Tim"
EXR,Kenneth Musser Woolley,Joseph D Margolis "Joe",P Scott Stubbs,Jeffrey Norman "Jeff",Gwyn G McNeal,Samrat Sondhi,James L Overturf
XOM,Andrew P Swiger,James M Spellings,Darren W Woods,Bryan W Milton,Dennis G Wascom "Jerry",William Michael Colton,Michael J Dolan,Jack P Williams,Neil A Chapman,Bradley William Corson,David S Rosenthal,Neil W Duffin,Robert S Franklin "Rob",Mark W Albers,Robert N Schleckser,Stephen M Greenlee "Steven",Jeffrey J Woodbury "Jeff",Randall Ebner
FFIV,Benjamin Gibson "Ben",John Dilullo,Francois Locoh-Donou,Andrew Reinland "Andy",John Eldridge,Ryan Kearny,Edward J Eames,Scot Rogers
FB,Sheryl Kara Sandberg,Mark Elliot Zuckerberg,Mike Schroepfer,Susan J S Taylor,Christopher K Cox "Chris",David B Fischer,Deborah T Crawford,David M Wehner "Dave",Colin S Stretch
FAST,Jeffery M Watts,James C Jansen,Daniel L Florness,Leland J Hein,William J Drazkowski,Charles S Miller,Sheryl A Lisowski,Nicholas J Lundquist,Terry M Owen,Reyne K Wisecup,John L Soderberg,John Milek,Ellen Trester,Holden Lewis,Gary A Polipnick
FRT,Jeffrey S Berkes "Jeff",Dawn M Becker,Christopher J Weilminster "Chris",Donald C Wood "Don",Daniel Guglielmone
FDX,Robert B Carter,Alan B Graf,Christine P Richards,A Mickelson Foster "Mickey",Frederick Wallace Smith "Fred",John L Merino,David J Bronczek
FIS,Gregory G Montana "Greg",Michael P Oates "Mike",Gary A Norcross,James W Woodall "Woody",Ido Gileadi,Marc Mayo,Marianne C Brown,Jason Couturier,Katy Thompson,Peter Gunnlaugsson,Anthony M Jabbour
FITB,Frank R Forrest,Lars C Anderson,Timothy N Spence,Ralph S Michael III "Mike",Matthew Eric Jauchius,Robert Shaffer,Reuben Rashty,Jelena McWilliams,Mark D Hazel,Aravind Immaneni,Greg D Carmichael,Philip R McHugh "Phil",Jim Weiss,Sameer Gokhale,Melissa Stevens,Tayfun Tuzun,Teresa J Tanner,James C Leonard,Grant Harbrecht
FE,Leila L Vespoli,Charles E Jones Jr "Chuck",K Jon Taylor,James F Pearson "Jim",James H Lash,Irene M Prezelj,Steven R Staub "Steve"
FISV,Devin McGranahan,Lynn S McCreary,Steven Tait,Kevin J Schultz,Kevin P Gregoire,Jeffery W Yabuki,Byron C Vielehr,Stephanie Gregor,Robert W Hau "Bob",Mark A Ernst
FLIR,Travis D Merrill,Jeffrey D Frank "Jeff",Brian E Harding,Thomas A Surran "Tom",Todd M Duchene,Shane R Harrison,Amit Singhi,Andrew C Teich "Andy"
FLS,Kim L Jackson,John R Lenander,R Scott Rowe,Thomas L Pajonas "Tom",Keith E Gillespie,Dave M Stephens,Jay Roueche,Kirk R Wilson,Carey A O'Connor
FLR,Taco De Haan,Carlos M Hernandez,Jose L Martin De Bustamante,Robin K Chopra,Jack Penley,Biggs C Porter,Anthony Morgan "Tony",Mark A Landry,Matthew McSorley,David Thomas Seaton,Jim Brittain,Geoff Telfer,Bruce A Stanski,Rick Koumouris,Raymond F Barnard "Ray",Angus Murray
FMC,Eric W Norris,Andrea E Utecht,Pierre R Brondeau,Mark A Douglas,Brian P Angeli,Andrew D Sandifer,Paul W Graves
FTI,Nello Uccelletti,Mark J Scott,Bradley D Beitler,Barry Glickman,Hallvard Hasselknippe,Maryann T Mannen,Thierry Pilenko,Julian D Waldron,Richard G Alabaster,Dianne B Ralston,Douglas J Pferdehirt
FL,John A Maurer,Lauren B Peters,Richard A Johnson "Dick",Stephen D Jacobs,Pawan Verma,Lewis P Kimble,Paulette R Alviti,Giovanna Cipriano,Sheilagh M Clarke,Scott Martin
F,Bradley M Gayton,Raymond F Day "Ray",Robert L Shanks "Bob",Stephen T Odell,Neil M Schloss,Kimberly Pittel "Kim",Mark Fields,Raj Nair,Musa Tariq,Joy Falotico,James D Farley "Jim",Marcy Klevorn,Stacey Steslicki,John A Casesa,Ziad S Ojakli,Joseph R Hinrichs "Joe",Hau Thai-Tang,Felicia J Fields,Bruce Hettle,Bennie W Fowler,David L Schoch "Dave",William Clay Ford "Bill"
FTV,Barbara B Hulit,Peter C Underwood,William W Pringle,Stacey A Walker,Patrick J Byrne "Pat",Patrick K Murphy,Jonathan L Schwarz,Emily A Weaver,Charles E McLaughlin,Martin Gafinowitz,Raj Ratnakar,James A Lico,Lisa Curran
FBHS,Patrick D Hallinan,Robert K Biggart,Christopher J Klein "Chris",E Lee Wyatt,Michael P Bauer,Brett E Finley,Brian C Lantz,Tracey L Belcourt,David M Randich,Sheri R Grissom,Nicholas I Fink "Nick"
BEN,Craig Steven Tyle,Gregory Eugene Johnson "Greg",Maria Gray,Rupert Harris Johnson,Kenneth Allan Lewis,Brian Sevilla
FCX,Kathleen L Quirk,Harry M Conger "Red",David Joint,Richard C Adkerson,Michael J Arnold
GPS,Paul Chapman,Jennifer Fall,Teri List-Stoll,Thomas J Lima "Tom",Bobbi Silten,Julie Gruber,Jeff Kirwan,Arthur L Peck "Art"
GRMN,Teri Seck,Min H Kao,Andrew R Etkind,Clifton A Pemble,Douglas G Boessen
IT,Sherief Bakr,Kendall B Davis "Ken",Eugene A Hall,Per Anders Waern,Robin B Kranich,Michael Diliberto "Mike",Peter Sondergaard,David K McVeigh,David Godfrey,Daniel S Peale "Dan",Craig W Safian,Chris Thomas
GD,Mark C Roualet,Kimberly A Kuryea,John P Casey,Gregory S Gallopoulos,S Daniel Johnson "Dan",Phebe N Novakovic,M Amy Gilliland,Robert W Helm,Christopher Marzilli "Chris",Dave Fogg,Mark L Burns,Erin Linnihan,Jeffrey S Geiger,Gary L Whited,William A Moss "Bill",Jason W Aiken
GE,Jeffrey R Immelt "Jeff",Shane Fitzsimons,David L Joyce,Elizabeth J Comstock,Matthew Cribbins "Matt",Alexander Dimitrief "Alex",Daniel Janki "Dan",Jan R Hauser,John G Rice,Jeffrey S Bornstein
GGP,Richard S Pesin,Alan J Barocas,Michael B Berman,Tara Marszewski,Shoaib Z Khan "Shobi",Marvin J Levine,Sandeep Lakhmi Mathrani,Kevin Berry
GIS,Alex Benedet,John R Church,Peter C Erickson,Bethany C Quam,Christina Law,Kimberly A Nelson "Kim",Emma Eriksson,Andrew Davis,Jonathon J Nudi,Kendall J Powell "Ken",Keith A Woodward,Olivier Faujour,Jeffrey L Harmening,Shawn P O'Grady,Jerald A Young "Jerry",Jeff Siemon,Donal Leo Mulligan,Richard C Allendorf
GM,Dhivya Suryadevara,Karl-Thomas Neumann,Mary T Barra,Alan S Batey,Alicia Boler-Davis,Matthew Tsien "Matt",Randy C Arickx,Johan De Nysschen,Stefan Jacoby,John S Stevens,Craig B Glidden,Daniel Ammann "Dan",Barry L Engle,Charles K Stevens "Chuck",Mark L Reuss,John J Quattrone,Jill E Sutton,Thomas S Timko
GPC,Thomas C Gallagher "Tom",Carol B Yancey,Charles A Chesnutt "Charlie",Timothy P Breen "Tim",Sidney G Jones "Sid",Paul D Donahue,James R Neill "Jim",Lee A Maher
GILD,John C Martin,James R Meyers "Jim",Gregg H Alton,John F Milligan,Brett A Pletcher,Sung Lee,Norbert W Bischofberger,Kevin Young,Robin L Washington
GPN,Guido F Sacchi,Cameron M Bready,David E Mangum,David Lawrence Green,Jeffrey Steven Sloan,David M Sheffield,Isabel Janci
GS,Lloyd C Blankfein,Elisha Wiesel,Pablo J Salame,Harvey Mitchell Schwartz,R Martin Chavez,Dane E Holmes,Edith W Cooper,David M Solomon,Gregory K Palm "Greg",John F W Rogers,Richard J Gnodde,Sarah E Smith
GT,Christina Zamarro,David L Bialosky,Paul Fitzhenry,Laura K Thompson,Scott H King,Christopher R Delaney "Chris",Richard Kellam,Jean-Claude Kihn,John T Lucas,Richard J Kramer "Rich",Joseph Zekoski,Stephen R McClellan "Steve",Daniel L Smytka,Evan M Scocos,Richard J Noechel "Rick"
GWW,Donald G Macpherson "Dg",Joseph C High,Laura D Brown,Paige K Robbins,Ronald L Jadin,Eric R Tapia,John L Howard
HAL,Lance Loeffler,Eric J Carre,David J Lesar "Dave",Joe D Rainey,Charles E Geer "Charlie",James S Brown "Jim",Jeffrey Allen Miller "Jeff",Myrtle L Jones,Robb L Voyles,Lawrence J Pope,Timothy M McKeon "Tim"
HBI,Richard D Moss "Ricky",John T Marsh,Thomas C Robillard Jr "Tc",Michael E Faircloth,Elizabeth L Burger,M Scott Lewis,Gerald W Evans,Richard A Noll "Rich",W Howard Upchurch,Joia M Johnson
HOG,John A Olin,Michelle Kumbier,Joanne M Bischmann,Lawrence G Hund "Larry",Mark R Kornetzke,Amy Giuffre,Sean J Cummings,Tchernavia Rocker,Matthew S Levatich "Matt"
HRS,Christopher D Young "Chris",William M Brown "Bill",William H Gattle,Rahul Ghai,Carl D'Alessandro,Robert L Duffy "Bob",Charles J Greene,Sheldon J Fox,Todd A Taylor,Pamela A Padgett,Scott T Mikuen,Edward J Zoiss,Dana A Mehnert
HIG,William A Bloom "Bill",Donald C Hunt,Bruce Shuman,Brion Scott Johnson,Robert Rupp,James Edward Davey "Jim",Douglas G Elliot "Doug",Christopher J Swift,Kathleen M Bromage "Kathy",Beth A Bombara,Martha Gervasi "Marty",Scott R Lewis,David C Robinson,Sabra Rose Purtill,A Morris Tooker
HAS,Debbie Hancock,Wiebe Tinga,Barbara Finigan,Tyla Bucher,Michael Ritchie,Deborah M Thomas,Duncan J Billing,John A Frascotti,Martin R Trueb,Samantha Lomow,Tom Warner,Greg Lombardo,Brian D Goldner,Brian Chapman,Rudolph Johnson "Dolph"
HCA,Mark W Kimbrough,Jon M Foster,Sandra L Morgan,Robert A Waterman "Bob",William B Rutherford,Jonathan B Perlin,Joseph A Sowell "Joe",Richard Lowe,Jana J Davis,Kathryn A Torres,Victor L Campbell,Ravi S Chari,Samuel N Hazen "Sam",A Bruce Moore,R Milton Johnson,Joseph N Steakley,J William B Morrow,Jane D Englebright,Christopher F Wyatt,Charles J Hall "Chuck",Michael S Cuffe,P Martin Paslick,John M Steele,Alan R Yuspeh
HCP,Thomas M Herzog "Tom",Kai Hsiao,Andrew Johns,Jonathan M Bergschneider "Jon",Michael D McKee "Mike",Kendall K Young,James Justin Hutchens,Peter A Scott,Thomas D Kirby,Matthew Brill,Troy E McHenry,Scott A Anderson
HP,John W Lindsay,Juan Pablo Tardio,Cara M Hair,Robert L Stauder,Dave Hardy,Gordon K Helm,Jonathan M Cinocca,John R Bell
HSIC,Steven Paladino,Michael Racioppi,James A Harding,Karen Prange,Stanley M Bergman,Henry Schein,David C McKinley "Dave",Bob Minowitz,James P Breslawski,Michael S Ettinger,Gerald A Benjamin,Paul Rose,Peter McCarthy,Mark E Mlotek,Walter Siegel,Lorelei McGlynn,Bridget A Ross
HES,Alex Sagebien,Gregory Paul Hill,Michael R Turner,Andrew K Maloney "Drew",Jay R Wilson,Brian Truelove,Timothy B Goodell,Kevin B Wilcox,John P Rielly,Barbara Lowery-Yilmaz,Jonathan C Stein,John B Hess,Eric S Fishman,C Martin Dunagin,Indrani Franchini,Andrew P Slentz "Andy",Richard Lynch
HPE,Kirt P Karros,Margaret C Whitman "Meg",Jeff T Ricci,Christopher P Hsu "Chris",Vishal Lall,Andrew Simanek,Alan May,Antonio Fabio Neri,John F Schultz,Robert H Youngjohns,Timothy C Stonesifer "Tim",Henry Gomez
HOLX,Robert W McMahon "Bob",Jay A Stein,Sanjay Prabhakaran,Stephen P MacMillan,Eric B Compton,Michael R Davin,Peter J Valenti,Jan Verstreken,John M Griffin,Michael J Watts "Mike",Thomas A West
HD,Matthew A Carey "Matt",Teresa Wynn Roseborough,Carol B Tome,Diane Dayhoff,Edward P Decker "Ted",Mark Q Holifield,William G Lennie "Bill",Ann-Marie Campbell,Craig A Menear,Dwaine Kimmet,Timothy M Crow "Tim"
HON,Andreas C Kramvis,Rajeev Gautam,David M Cote "Dave",Katherine L Adams,Timothy O Mahoney "Tim",John Waldron,Krishna Mikkilineni,Jennifer H Mak,Adam M Matteo,Mark R James,Mark Macaluso,Darius Adamczyk,Thomas Alan Szlosek "Tom"
HRL,Thomas R Day,James P Snee,Glenn R Leitch,Jeffrey R Baker,Jana L Haynes,Lori J Marco,James M Splinter,Mark A Coffey,Larry L Vorpahl,Mark E Morey,Deanna T Brady,Gary L Jamison,Steven G Binder,James N Sheehan,Kevin L Myers,Luis G Marconi,Donald H Kremin,Brian D Johnson,Nathan Annis
HST,Michael E Lentz,Nathan S Tyrrell,Minaz B Abji,Gregory Jon Larson,Richard Edwin Marriott,James F Risoleo "Jim",Brian G Macnamara,Jay L Johnson,Joanne G Hamilton,Bret D S McLeod,Elizabeth A Abdoo
HPQ,Ron Coughlin,Marie Myers,Jon E Flaxman,Tracy Suitt Keogh,Kim M Rivera,Diana Sroka,Catherine A Lesjak,Enrique Lores,Dion J Weisler
HUM,Brian A Kane,Christopher M Todoroff,Christopher H Hunter "Chris",Alan Bailey,Jody L Bilney,Regina C Nethery,Christopher Kay "Chris",Timothy S Huval "Tim",Brian P Leclaire,Bruce D Broussard
HBAN,Sandra E Pierce,Julie C Tutkovics,Richard A Cheap,Mark E Thompson,Richard J Remiker "Rick",Paul G Heller,Rajeev Syal,Helga S Houston,Daniel J Neumeyer,Barbara H Benham,Nicholas G Stanutz,Stephen D Steinour,James E Dunlap,Nancy E Maloney,Mark A Muth,Howell D McCullough
IDXX,Jonathan W Ayers,Ken Grady,Jeff Dixon,Brian P McKeon,Giovani Twigge,Kerry Bennett,Jacqueline L Studer "Jackie",Jay Mazelsky,Pat Venters
ITW,Lei Zhang Schlitz,Juan Valls,Christopher O'Herlihy "Chris",Ernest Scott Santi,David Livingston,Mike Drazin,Michael R Zimmerman,Randall J Scheuneman "Randy",Sundaram Nagarajan "Naga",Normand D Finch "Norm",John R Hartnett,Roland M Martel,Michael M Larsen,Steven L Martindale,Mary K Lawler "Katie"
ILMN,Samer Abdul Samad "Sam",Charles E Dadswell,Francis A Desouza,Jay T Flatley,Rebecca Chambers,Omead Ostadan,Garret Hampton,Mostafa Ronaghi,Mark Van Oene,Marc A Stapley
IR,Marcia J Avedon,Todd D Wyman,Christopher J Kuehn "Chris",Michael W Lamach "Mike",Didier P M Teirlinck,Susan K Carter "Sue",Paul A Camuti,Keith A Sultana,Zachary A Nagle "Zac",Robert Georges Zafari Esfahani,Francesco Incalza,Gary S Michel,Maria C Green
INTC,Gregory R Pearson "Greg",Mark H Henninger,Robert H Swan "Bob",Paula Tolliver,Aicha S Evans,Diane M Bryant,Venkata S M Renduchintala "Murthy",Douglas L Davis,Thomas P Lantzsch "Tom",Steven R Rodgers "Steve",Ravi Jacob,Suzan A Miller,Navin Shenoy,Brian M Krzanich,Stacy Jared Smith
ICE,Scott A Hill,Jeffrey Craig Sprecher "Jeff",Johnathan H Short,David S Goone "Dave",Mayur Kapani,Kelly L Loeffler,Charles A Vice "Chuck"
IBM,Robert W Lord "Bob",Simon J Beaumont,Virginia M Rometty "Ginni",David W Kenny,Michael D Rhodin "Mike",Robert J Leblanc,Patricia Murphy,Martin J Schroeter,Bridget A Van Kralingen,Diane J Gherson,Thomas W Rosamilia "Tom",John E Kelly,Kenneth M Keverian "Ken",Erich Clementi,Bruno V Di Leo Allen,Robert Del Bene,James J Kavanaugh "Jim",Michelle H Browdy,Martin Jetter,Christina M Montgomery
INCY,Reid M Huber,Barry P Flannelly,Paula J Swain,Herve Hoppenot,Vijay Iyengar,Paul Trower,Michael Booth "Mike",Eric H Siegel,Steven H Stein,David W Gryska "Dave",Wenqing Yao
IP,Gregory T Wanta,Carleton Cato Ealy,W Michael Amick,Sharon R Ryan,Jean-Michel Ribieras,John V Sims,Tommy Steven Joseph,Errol A Harris,Catherine I Slater "Cathy",Jay Royalty,Glenn R Landau,Timothy S Nicholls "Tim",Mark S Sutton
IPG,Andrew Bonzani,Frank Mergenthaler,Ellen T Johnson,Julie M Connors,Michael I Roth,Patricia Hinerman,Philippe Krakowsky,Jerry Leshne,Christopher F Carroll
IFF,Matthias Haeni,Nicolas Mirzayantz,Richard A O'Leary "Rich",Robert Anderson,Francisco Fortanet,Anne Chwat,Michael Deveau,Gregory Yep,Susana Suarez-Gonzalez,Andreas Fibig
INTU,Al Ko,Atticus Tysen,Jennifer Hall,Sasan K Goodarzi,R Neil Williams,Lisa Patterson,Mark J Flournoy,Scott D Cook,Lucas Watson,Sherry Whiteley,Anton Hanebrink,Laura A Fennell,Daniel A Wernikoff "Dan",Rob Lanesey,Lindsey Argalas,Brad D Smith,H Tayloe Stansbury,Cecelia G Morken "Cece"
ISRG,Marshall L Mohr,Myriam J Curet,Gary S Guthart,Mark J Meltzer,Calvin Darling,Salvatore J Brogna,David J Rosa "Dave",Jamie E Samath
IVZ,Andrew Ryan Schlossberg,Annette Janecka Lege,Andrew Tak Shing Lo,Brandon Burke,Gregory G McGreevey,Philip A Taylor,Kevin Michael Carome,Martin L Flanagan,Loren Michael Starr,Colin D Meadows
IRM,Edward Bicks,John Tomovcsik "Jt",Theodore Maclean "Ted",Deirdre J Evens,Stuart B Brown,Fidelma Russo,William L Meaney "Bill",Eileen Sweeney,Deborah Marson,Patrick J Keddy,Melissa Marsden,Ernest W Cloutier
JEC,Joseph Gary Mandel,Steven J Demetriou,Terence D Hagen,Lori S Sundberg,William B Allen "Billy",Robert V Pragada,Kevin C Berryman,Michael R Tyler
JBHT,John Kuhlow,Terrence D Matthews,Kevin Bracy,David G Mee,Shelley Simpson,Stuart L Scott,James K Thompson "Kirk",Craig Harper,John N Roberts,Nicholas Hobbs
SJM,John F Mayer,David J Lemmon,Sonal Robinson,James A Brown "Jim",Christopher P Resweber "Chris",Kevin G Jackson,Steven T Oakland,Julia L Sabin,Debra A Marthey,Jeannette L Knudsen,Barry C Dunaway,Jill R Penrose,John W Denman,Mark R Belgya,Richard Kim Smucker,Tamara J Fynan,Aaron Broholm,Mark T Smucker,Robert D Ferguson,James Randal Day
JNJ,Paulus Stoffels,Michael H Ullmann,Dominic J Caruso,Joaquin Duato,Sandra E Peterson "Sandi",Ronald A Kapusta,Jorge S Mesquita,Joseph Wolk,Alex Gorsky,Ashley McEvoy,Gary Pruden,Michelle Ryan,Jennifer Taubert
JCI,Trent Moore Nevill,Antonella Franzen,Brian J Stief,Simon Davis,Alex A Molinaroli,George R Oliver,William C Jackson "Bill",Judith A Reinsdorf,Bruce R McDonald,Johan F Pfeiffer,Suzanne M Vincent
JPM,Sarah M Youngwood,Jennifer Piepszak,Stephen M Cutler,Mark W O'Donovan,Douglas B Petno "Doug",John Horner,Matthew E Zames,Ashley Bacon,Marianne Lake,James Dimon "Jamie",Gordon A Smith,Daniel Eduardo Pinto,Molly Carpenter,Jason Scott,John L Donnelly,Stacey R Friedman,Thasunda Brown Duckett,Mary Callahan Erdoes
JNPR,Andy Athreya,Kathleen Nemeth,Pradeep S Sindhu,Catherine Portman,Terrance F Spidell "Terry",Kenneth Miller "Ken",Vincent J Molinaro "Vince",Rami Rahim,Brian M Martin
KSU,William J Wochner,Ashley Thorne,Patrick J Ottensmeyer,Michael W Upchurch,Adam J Godderz,Warren K Erdman,Michael W Cline,Brian D Hancock,Michael J Naatz "Mike",Jeffrey M Songer "Jeff",Lora S Cheatum,Mary K Stadler
K,Alistair D Hirst,Amit Banati,Joel A Vander Kooi,Maria Fernanda Mejia Campuzano,Paul T Norman,Donald O Mondano,Christopher M Hood "Chris",Gary H Pilnick,John Renwick,Fareed A Khan,John A Bryant,Melissa A Howell
KEY,Edward J Burke,Andrew J Paine "Randy",Beth Elaine Mooney,Dennis A Devine,Donald R Kimble "Don",Vernon L Patterson,Angela G Mago,Douglas M Schosser,William L Hartmann,Kevin T Ryan,Kathleen Terrell,Amy G Brady,Paul N Harris
KMB,Achal Agarwal,Thomas J Falk "Tom",Anthony J Palmer "Tony",Gustavo Calvo Paz,Michael D Hsu
KIM,Milton Cooper,Ross Cooper,Conor C Flynn,Glenn G Cohen,David Jamieson
KMI,Kimberly Allen Dang,Richard D Kinder "Rich",Ian D Anderson,Lisa M Shorb,Steven J Kean "Steve",Ronald G McClain "Ron",Mark Huse,David R Deveau "Dave",Anthony B Ashley,Thomas A Martin "Tom",Dax A Sanders,Jesse Arenivas,John W Schlosser
KLAC,Brian M Trafas,Richard P Wallace "Rick",Ahmad A Khan,Virendra A Kirloskar,Ed Lockwood,Bobby R Bell,Bren D Higgins,Teri A Little,Michael D Kirk
KSS,Greg Revelle,Kevin Mansell,Michelle D Gass,Wesley S McDonald "Wes",Richard D Schepp,Sona Chawla
KHC,Bernardo Vieira Hees,Christopher M Jakubik "Chris",Georges Zoghbi,Paulo Luiz Araujo Basilio,Carlos Augusto Leone Piani,Francisco SA,Christopher R Skinger,Emin Mammadov,Raphael Oliveira,James J Savina "Jim",Eduardo Machado De Carvalho Pelleissone,Marcos Romaneiro
KR,Timothy A Massa,Carin Fike,Mary Ellen Adcock,Yael Cosset,Christopher T Hjelm "Chris",Stuart W Aitken,Angel Colon,Kate Ward,J Michael Schlotman,Mark C Tuffin,Robert W Clark,Todd A Foley,Frederick J Morganthall,Christine S Wheatley,Sukanya R Madlinger,Erin S Sharp,Alessandro Tosolini "Alex",Jessica C Adelman,W Rodney McMullen,Michael J Donnelly
LB,Martin Waters,Charles C McGuigan,Stuart B Burgdoerfer,Amie Preston,Timothy J Faber,Leslie Herbert Wexner,Nicholas P M Coe
LLL,Jeff Miller,Mahmoud Siddig,Ralph G D'Ambrosio,Ann D Davidson,Richard A Cody "Dick",Christopher Eugene Kubasik "Chris",Dan Azmon,Michael T Strianese,Todd W Gautier
LH,John D Ratliff,Scott Frommer,Glenn A Eisenberg,David P King,Lance V Berberian,Edward T Dodson,F Samuel Eberts,Lisa J Uthgenannt,Gary Huff
LRCX,Timothy M Archer "Tim",Douglas R Bettinger "Doug",Richard A Gottscho "Rick",Odette Go,Satya Kumar,Sarah A O'Dowd,Martin B Anstice
LEG,Tammy M Trent,Karl G Glassman,Scott S Douglas,David Desonier,Russell J Iorio,J Mitchell Dolloff "Mitch",Matthew C Flanigan,Sheri L Mossbeck,Perry E Davis
LEN,Allison Bober,Stuart A Miller,Jonathan M Jaffe "Jon",Mark Sustana,Diane J Bessette,Bruce E Gross,Richard Beckwitt "Rick"
LVLT,Matthew Gutierrez,Sunit S Patel,Laurinda Y Pang,Atilla Tinic,Gary J Breauninger,Jeffrey K Storey "Jeff",Eric J Mortensen,John M Ryan,Andrew Dugan,Rafael Martinez Chapman,Mark Stoutenberg,Hector R Alonso
LUK,Laura E Ulbrandt,Brian Paul Friedman,Roland T Kelly,Richard B Handler,Michael J Sharp "Mike",John M Dalton,Teresa S Gendron "Teri",Rocco J Nittoli
LLY,Susan Mahony "Sue",Michael J Harrington "Mike",Derica W Rice,Alfonso Chito Zulueta,Melissa S Barnes,Maria A Crowe,Stephen F Fry,Philip Johnson "Phil",Jan M Lundberg,Jeffrey N Simmons "Jeff",David A Ricks "Dave",Enrique A Conterno
LNC,Wilford Herndon Fuller "Will",Kirkland L Hicks,Steve Harris,Dennis R Glass,Kenneth S Solon,Randal J Freitag "Randy",Ellen Cooper,Lisa M Buckingham,Christopher A Giovanni "Chris",Raj Chakraborty
LKQ,Matthew J McKay,John S Quinn,Walter P Hanley,Joseph M Holsten "Joe",Dominick P Zarcone "Nick",Victor M Casini,Michael S Clark,Ashley T Brooks,Joseph P Boutross
LMT,Greg M Gardner,Dale P Bennett,Orlando P Carvalho,Marillyn A Hewson,Bruce L Tanner,Richard F Ambrose "Rick",Richard H Edwards "Rick",Maryanne R Lavan,John W Mollard
L,Mark S Schwartz,Laura K Cushing,Richard W Scott,Marc A Alpert,Herbert E Hofmann "Herb",Jonathan Koplovitz,Robert F Crook "Bob",James S Tisch,Jonathan M Tisch,Mary Skafidas,Audrey A Rampinelli,David B Edelson,Edmund Unneland,Susan Becker,Kenneth I Siegel,Andrew H Tisch
LOW,Tiffany Mason,Paul D Ramsay,Jennifer L Weber,Marshall A Croom,Rick D Damron,Michael P McDermott,Robert A Niblock,Ross W McCanless "Bill",Jocelyn Wong,Richard D Maltsbarger,Matthew V Hollifield,James K Han
LYB,Lawrence C Somma,James D Guilfoyle "Jim",Massimo Covezzi,Thomas Aebischer,Mike Sumruld,Dale Friedrichs,Jeffrey A Kaplan "Jeff",Daniel M Coombs "Dan",Jacquelyn H Wolf "Jackie",Richard Roudeix,Bhavesh V Patel "Bob",Douglas J Pike "Doug"
MTB,Michele D Trolli,Brian E Hickey,Gino A Martocci,Janet M Coletti,William J Farrell "Bill",John D'Angelo,Robert G Wilmers "Bob",Darren J King,Julie Urban,Drew J Pfirrman,Robert J Bojdak,Kevin J Pearson,Michael J Todaro,Michael R Spychala,Rene Francis Jones,Richard S Gold,Donald J Macleod "Don"
MAC,Thomas E O'Hern,Arthur M Coppola,Robert D Perlmutter,John N Perry,Randy L Brant,Edward C Coppola,Eric V Salo,Thomas J Leanse,Steve L Spector
M,Terry J Lundgren,Justin S Macfarlane,Felicia Williams,Matt Stautberg,Patti H Ongman,Molly Langenstein,Tony Spring,Jeffrey Gennette "Jeff",Elisa D Garcia,Karen M Hoguet,Timothy G Baxter "Tim",Richard A Lennox,Jeffrey A Kantor "Jeff",Robert B Harrison
MNK,Karen Sheehy,Michael-Bryant Hicks,Ron Lloyd,Matthew K Harbaugh,Mark C Trudeau,Terrance L Carlson,Cole Lannum,Steven J Romano "Steve",Ian J Watkins,Frank Scholz,Hugh O'Neill,Meredith Fischer
MRO,Zach Dailey,T Mitchell Little "Mitch",Dane E Whitehead,Morris R Clark,Gary E Wilson,Patrick J Wagner "Pat",Deanna L Jones,Catherine L Krajicek,Lee M Tillman,Bruce A McCullough,Sylvia J Kerrigan
MPC,David L Whikehart,Anthony R Kenney "Tony",David Sauber "Dave",Thomas M Kelley,Timothy T Griffith "Tim",Gary R Heminger,Donald C Templin,John R Haley,C Michael Palmer,Tom Kaczynski,Lisa Wilson,John S Swearingen,Donald W Wehrly,Suzanne Gagle,John J Quaid,Molly R Benson,Raymond L Brooks
MAR,David Flueck,Thomas Kozik "Thom",Bancroft S Gordon,Stephanie C Linnartz,Amy C McPherson,Arne M Sorenson,David J Grissen,Anthony G Capuano,David A Rodriguez,Craig S Smith,Carolyn B Handlon,Brian Povinelli,Laura E Paugh,Lisa Holladay,Bao Giang Val Bauduin,Alex Kyriakidis,Kathleen Kelly Oberg "Leeny",Edward A Ryan,John Willard Marriott "Bill"
MMC,Peter Zaffino,Mark McGivney,Peter J Beshar,Keith F Walsh,Laurie Ledford,E Scott Gilbert,Dan Glaser,Scott McDonald,John Q Doyle,Julio Alfonso Portalatin
MLM,Elisabeth Eisleben,Donald A McCunniff,Roselyn R Bar,Daniel L Grant,Dana F Guzzo,C Howard Nye "Ward",Anne H Lloyd
MAS,John G Sznewajs,Renee Straber,David Chaika,Kenneth G Cole,Christopher Kastner,Amit Bhargava,John P Lindow,Keith J Allman,Richard A O'Reagan
MA,Craig Vosburg,Khalid Elgibaly,Ajaypal S Banga "Ajay",Michael Miebach,Raj Seshadri,Cathy McCaul,Randall Tucker,Sandra A Arkell "Sandy",Edward G McLaughlin "Ed",Walter M Macnee "Walt",Garry Lyons,Janet L McGinness,Gilberto Caldart,Ajay Bhalla,Raghu Malhotra,Timothy H Murphy "Tim",Ari Sarker,Robert Reeg "Rob",Michael Fraccaro,Gary J Flood,Juan Rajlin,Ling Hai,Martina Hund-Mejean,Kevin Stanton,Ann M Cairns,Warren Kneeshaw
MAT,Christopher A Sinclair "Chris",Geoffrey H Walker,Christopher Keenan,Joseph B Johnson,Kevin M Farr,Margaret Mary H Georgiadis "Margo",Peter D Gibbons,Robert Normile,Mandana Sadigh,Richard Dickson,Richard R Gros,David Zbojniewicz,Katy Dickson
MKC,Nneka L Rimmer,Joyce L Brooks,Lawrence E Kurzius,Jeffery D Schwartz "Jeff",Malcolm Swift,Lisa B Manzone,Michael R Smith "Mike"
MCD,James R Sappington "Jim",Gloria Santona,Chris Stent,Catherine A Hoovel,Robert L Gibbs,Douglas M Goare "Doug",Wendy Lewis,Stephen J Easterbrook "Steve",Joe Erlinger,Kevin M Ozan,Bob Rupczynski,Ian F Borden,Mike Flores,Silvia Lagnado,David O Fairhurst
MCK,Jorge L Figueredo,Craig Mercer,Paul C Julian,Bansi Nagji,Lori A Schechter,John G Saia,Brian P Moore,Kathleen D McElligott "Kathy",James A Beer,John H Hammergren
MJN,Sandra Yu,Michel Martinus Gerardus Cup,Peter Kasper Jakobsen,Christopher R Stratton,James Jeffrey Jobe "Jeff",Patrick M Sheller "Pat",Charles M Urbain,Ian E Ormesher,Kathy Ann Macdonald,Dirk Hondmann
MDT,Bryan C Hanson,Karen L Parkhill,Hooman C Hakami,Geoffrey S Martha,Ryan Weispfenning,Mark Ploof,Carol A Surface,Bradley E Lerman "Brad",Michael J Coyle,Annette Bruls,Robert Ten Hoedt,Omar S Ishrak
MRK,Adam H Schechter,Richard R Deluca,Kenneth C Frazier "Ken",Mirian M Graddick-Weir,Robert M Davis,Rita A Karachun,Julie Louise Gerberding,Roger M Perlmutter,Adele D Ambrose,Teri Loxam,Mark E McDonough,Michael J Holston
MET,William O'Donnell,John C R Hele,John McCallion,Steven J Goulart,Chris Townsend,Martin J Lippert,Maria R Morris,Esther Lee,Steven Kandarian,Peter M Carlson "Pete",John A Hall,Michel Khalaf,Ricardo A Anzaldua-Montoya
MTD,Thomas Caratsch,James T Bellerjeau,Christian Magloth,Shawn Vadala,Marc De La Gueronniere,William P Donnelly,Waldemat Rauch,Michael Heidingsfelder,Olivier A Filliol,Simon Kirk,Mary T Finnegan
KORS,Christina Coronios,Cathy Marie Robinson,Pascale Meyran,John D Idol,Krista McDonough,Michael David Kors,Thomas J Edwards "Tom"
MCHP,Deborah L Wussler,Stephen V Drehobl,Mitchell R Little,Richard J Simoncic,Kimberly Van Herk "Kim",Ganesh Moorthy,Steve Sanghi,J Eric Bjornholt
MU,Michael William Sadler,D Mark Durcan,Scott J Deboer,Ivan Donaldson,Steven L Thorsen,Brian M Shirley,April S Arnzen,Joel L Poppen,Ernest E Maddock "Ernie"
MSFT,Christopher C Capossela "Chris",Amy E Hood,Frank H Brod,Chris Suh,Jean-Philippe Courtois,Bradford L Smith "Brad",J Kevin Scott,Kathleen Hogan,Satya Nadella,Margaret L Johnson "Peggy"
MAA,A Bradley Hill,H Eric Bolton,Robert J Delpriore,Albert M Campbell,Thomas L Grimes "Tom",Melanie M Carpenter,Leslie B C Wolfgang,Andrew Schaeffer,Anna Harris,Charles A Konas "Chuck",Bart French,Jennifer Patrick,David Ward
MHK,William Christopher Wellborn,R David Patton "Dave",Shailesh Bettadapur,Jeffrey Scott Lorberbaum,John C Turner,Brian M Carson,Frank H Boykin,Bernard P Thiers,James F Brunk
TAP,Stewart Fraser Glendinning,Simon John Cox,Mike Rumley,Krishnan Anand "Kandy",Brenda Davis,Celso L White,David A Dunnewald "Dave",Peter H Coors "Pete",Tracey I Joubert,Samuel D Walker "Sam",E Lee Reichert,Mark Roderick Hunter,Gavin D Hattersley,Michelle Nettles,Frederic Landtmeters
MDLZ,Brian T Gladden,Timothy P Cofer "Tim",Irene B Rosenfeld,Alejandro R Lorenzo,Maurizio Brusadelli
MON,Nicole M Ringenberg,Laura J Meyer,Brett D Begemann,Janet M Holloway,Duraiswami Narian,Kerry J Preete,Pierre C Courduroux,Robert T Fraley,Hugh Grant,David F Snively,Michael J Frank,Steven C Mizell "Steve",Michael K Stern
MNST,Mark J Hall,Rodney Cyril Sacks,Thomas J Kelly,Hilton H Schlosberg
MCO,John J Goggins,Blair L Worrall,Stephen Maire,Linda S Huber,Richard M Cantor,Raymond W McDaniel,Michael S Crimmins,Mark E Almeida,Sallilyn Schwartz,Robert Scott Fauber "Rob"
MS,Eric F Grossman,Martin M Cohen,Celeste Mellet Brown,Thomas R Nides "Tom",Jeffrey S Brodsky "Jeff",James Patrick Gorman,Jonathan M Pruzan,Colm Kelleher,Sam Kellie-Smith,Daniel A Simkowitz,Keishi Hotsuki,Sharon Yeshaya
MOS,James C O'Rourke "Joc",Richard N McLellan,Mark J Isaacson,Corrine D Ricard,Bruce M Bodine,Laura C Gagnon,Richard L Mack "Rich",Walter F Precourt
MSI,Robert O'Keef,Gregory Q Brown "Greg",John P Molloy "Jack",Chris Kutsor,Gino A Bonanotte,Eduardo F Conrado,Mark S Hacker,Bruce W Brda
MUR,Walter K Compton,John B Gardner,Roger W Jenkins,Keith Caldwell,Allan J Misner,John W Eckart,Kelli M Hammock,Barry F R Jeffery,K Todd Montgomery,E Ted Botner,Kelly L Whitley,Christopher D Hulse,Tim F Butler,Eugene T Coleman,Michael K McFadyen
MYL,Daniel M Gallagher,Colleen Ostrowski,Heather Bresch,Anthony Mauro "Tony",Kris King,Rajiv Malik,Kenneth S Parks "Ken",Sanjeev Sethi,Haribabu Bodepudi
NDAQ,Bruce E Aust,David Hirschfeld,Joan C Conley,Edward P Ditmire "Ed",Greg Lipper,Edward S Knight,Ann M Dennison,P C Nelson Griggs,Adena T Friedman,Brenda Lee Hoffman,Lars Ottersgard,Bradley J Peterson "Brad",Stacie Swanstrom,Bjoern Sibbern,Thomas A Wittman "Tom",Hans-Ole Jochumsen,Tom Fay,Michael S Ptasznik
NOV,Clay C Williams,Isaac H Joseph,Joseph W Rovig,Craig L Weinstock,Scott K Duff,Loren Singletary,Jose A Bayardo
NAVI,Sheila Ryan "Macie",Jack F Remondi,Somsak Chivavibul,Joe Fisher,John F Whorley "Jeff",John Kane,Timothy Hynes "Tim",Patricia M Lawicki "Pat",Christian Lown,Mark L Heleen
NTAP,Ronald J Pasek "Ron",Mark F Bregman,George Kurian,Matthew K Fawcett,Jean English,Jonathan Kissane "Jon",Henri P Richard,Anthony Lye,Kris Newton,Joel D Reich,William H Miller "Bill"
NFLX,Ted Sarandos,Greg Peters,Reed Hastings,Kelly Bennett,Spencer Wang,David Hyman,David B Wells,Jonathan Friedland,Neil Hunt
NWL,Michael B Polk,Fiona C Laird,Richard Davies,Ralph J Nicoletti,William A Burke "Bill",John B Ellis,Nancy O'Donnell,Mark S Tarchetti,Bradford Turner "Brad"
NFX,Stephen C Campbell,Lee K Boothby,Valerie A Mitchell,John H Jasek,Lawrence S Massaro "Larry",Matthew R Vezza,Timothy D Yang "Tim",Gary D Packer,George W Fairchild,George T Dunn
NEM,Stephen P Gottesfeld,Alex Bates,Thomas R Palmer "Tom",Joshua Hallenbeck "Josh",Scott P Lawson,Elaine Dorward-King,Meredith H Bandy,John W Kitlen,Nancy K Buese,William N Macgowan "Bill",Gary J Goldberg,E Randy Engel
NWSA,Sarah Wood,Joel I Klein,Michael A Florin,David B Pitofsky,Damian Eales,Robert James Thomson,Nicole Sheffield,Dominic Hatfield,Keith Rupert Murdoch,Susan Lee Panuccio,Michael L Bunder
NWS,Sarah Wood,Joel I Klein,Michael A Florin,David B Pitofsky,Damian Eales,Robert James Thomson,Nicole Sheffield,Dominic Hatfield,Keith Rupert Murdoch,Susan Lee Panuccio,Michael L Bunder
NEE,Deborah H Caplan,Manoochehr K Nazar,James L Robo "Jim",John W Ketchum,Paul I Cutler,Scott Seeley,Charles E Sieving,Joseph T Kelliher "Joe",Eric E Silagy,Terrell Kirk Crews,Armando Pimentel,Amanda Finnis,Miguel Arechabala,William L Yeager
NLSN,Jamere Jackson,Angela Talton,Stephen John Hasker "Steve",Jeffrey R Charlton,Kate White Vanek,Arvin Kash "Rick",Nancy R Phillips,Giovanni Tavolieri,Eric J Dale,Dwight M Barns "Mitch"
NKE,Michael Spillane,David J Ayre,John F Slusher,Trevor A Edwards,Hilary K Krane,Chris Abston,Andrew Campion "Andy",Nitesh Sharan,Eric D Sprunk,Mark G Parker,John F Coburn,Jeanne Pellegren Jackson
NI,Carrie J Hightman,Donald E Brown,Joseph Hamrock "Joe",Jim L Stanley,Pablo A Vegas,Carl W Levander,Randy G Hulen,Shawn Anderson,Mike Finissi,Joseph W Mulpas "Joe"
NBL,Brad Whitmarsh,J Keith Elliott,Andrea Lee Robison,Gary W Willingham,Arnold J Johnson,Terry R Gerhart,John T Lewis,Charles J Rimer "Chip",David L Stover,Kenneth M Fisher
JWN,Tricia D Smith,Kirk M Beardsley,James F Nordstrom "Jim",Geevy S K Thomas,Paige L Thomas,Jack H Minuk,Peter E Nordstrom,Karen S McKibbin,David M Witman,Daniel F Little "Dan",Kenneth J Worzel,Scott A Meden,Robert B Sari,Terence Boyle,Kristin Frossmo,Blake W Nordstrom,Michael Sato,Teri Bariquit,Brian Roberts,Michael G Koppel "Mike",Erik B Nordstrom,Trina Schurman,Lisa C Luther,Gemma Lionello,Christine F Deputy,Jennifer Jackson Brown,Steven C Mattics
NSC,Michael J Wheeler "Mike",Thomas E Hurlbut,James A Squires "Jim",Karol R Lawrence,Marta R Stewart,Bruno Maestri,Jerry W Hall,Katie U Cook,William A Galanko,Denise W Hutson,Clyde H Allison,Alan H Shaw,Cynthia C Earhart "Cindy"
NTRS,Steven L Fradkin,Wilson Leech,William L Morrison,Peter B Cherecwich,Stephen Niles Potter "Steve",Kelly Moen,Joyce M St Clair,Susan C Levy,Robert P Browne,Penelope Jane Biggs,S Gillian Pembleton,Jana R Schreuder,S Biff Bowman,Michael G O'Grady,Frederick H Waddell "Rick"
NOC,Michael A Hardesty,Mark A Caylor,Kenneth L Bedingfield "Ken",Stephen C Movius "Steve",David T Perry,Jennifer C McGarey,Kathy J Warden,Sheila C Cheston,Thomas E Vice,Christopher T Jones "Chris",Gloria A Flach,Lisa R Davis,Denise M Peppard,Margaret Sidney Ashworth "Sid",Wesley G Bush "Wes",Patrick M Antkowiak
NRG,Kevin Cole,David R Hill,Kirkland B Andrews "Kirk",Mauricio Gutierrez,John Chillemi,Gaetan Frotte,Elizabeth Killinger,David Callen
NUE,D Chad Utermark,James R Darsey "Jim",Ladd R Hall,Raymond S Napolitan,James D Frias "Jim",Gregg Lucas,R Joseph Stratman "Joe",John J Ferriola
NVDA,Ajay K Puri "Jay",Debora C Shoquist,Timothy S Teter "Tim",Colette M Kress,Jen-Hsun Huang,Arnab K Chanda
ORLY,Gregory L Henslee "Greg",Thomas G McFall "Tom",Jeff M Shaw,Gregory D Johnson "Greg",Scott Kraus,Randy Johnson,Robert Dumas,Jeffrey Lynn Groves,Tony E Bartholomew,Jeffrey A Lauro,Jeremy A Fletcher,Mark Merz,Larry Ellis,Byron Keith Childers,Brad W Beckham,C David Wilbanks
OXY,Joseph C Elliott,Glenn M Vangolen,Kenneth Dillon "Ken",Vicki A Hollub,Christopher G Stavros "Chris",Ben Figlock,Richard A Jackson,Marcia E Backus,Jennifer M Kirk
OMC,Shub Mukherjee,Michael J O'Brien,Philip J Angelastro,Peter L Swiecicki,Jonathan B Nelson,John D Wren,Dennis E Hewitt,Andrew L Castellaneta
OKE,Sheppard F Miers III "Mike",Michael A Fitzgibbons "Mike",Robert F Martinovich "Rob",Stephen W Lake "Steve",Terry K Spencer,Wesley J Christensen "Wes",Kevin L Burdick,Derek S Reiners,T D Eureste,Walter S Hulse
ORCL,Mark V Hurd,Thomas R Kurian,Lawrence Joseph Ellison "Larry",Ken Bond,Dorian E Daley,William Corey West,John F Fowler,Safra A Catz
PCAR,Harrie C A M Schippers,Michael T Barkley,Ken Hastings,James D Clack,Ronald E Armstrong "Ron",Marco Antonio Fiocco Fernandez-Davila,Jack K Levier,T Kyle Quinn,Robert A Bengston "Bob",R Preston Feight,C Michael Dozier,Ulrich Kammholz,Mark Charles Pigott,Gary L Moore
PH,Catherine A Suever "Cathy",Lee C Banks,William G Eline,Robin J Davenport,Yoon Chung "Michael",Robert W Malone,Thomas L Williams,David B Ostro,Mark J Hart,Jennifer A Parmentier "Jenny",Roger S Sherrard,Kurt A Keller,Daniel S Serbin,Martin Craig Maxwell,Joseph R Leonti,Andrew Weeks "Andy",Andrew D Ross,Robert William Bond "Bob"
PDCO,Todd Marshall,Ann B Gugino,Les B Korsh,John Wright,John E Adent,Kelly A Baker,Paul A Guggenheim,Dave Lardy,Scott P Anderson
PAYX,Michael E Gioja,Stephanie L Schaeffer,Mark A Bottini,Jennifer R Vossler,Terri Allen,Martin Mucci "Marty",Efrain Rivera,John B Gibson,Laurie L Zaucha
PYPL,William J Ready "Bill",Daniel H Schulman "Dan",Sripada Shivananda,John D Muller,Gabrielle Rabinovitch,Gary Marino,A Louise Pentland,John D Rainey,Patrick Dupuis,Marcia Morales-Jaffe
PNR,John H Jacko,Karen L Keegans,Dennis J Cassidy,James C Lucas "Jim",Angela D Jilek,John L Stauch,Mark C Borin,Karl R Frykman,Beth A Wozniak,Randall J Hogan
PBCT,Sara M Longobardi,John P Barnes "Jack",Chantal Deckey Simon,Lee C Powlus,Robert Edward Trautman,Jeffrey J Tengel "Jeff",Kirk W Walters,Galan George Daukas,Andrew S Hersom,R David Rosato,Michael Ciborowski,David K Norton
PEP,Seth Kaufman,Sanjeev Chadha,Indra K Nooyi,Hugh F Johnston,Mehmood Khan
PKI,James Corbett "Jim",Joel Samuel Goldberg,Daniel R Tereau,Prahlad Singh,Robert F Friel "Rob",Frank Anders Wilson "Andy",Tommy J Thomas,Andrew Okun,Deborah Butters
PRGO,Svend Andersen,Bradley Joseph,John Wesolowski,Thomas M Farrington,Grainne Quinn,Sharon Kochan,John T Hendrickson,Ron Janish,Jatin Shah,James R Michaud,Scott F Jamison,Todd W Kingma,Ronald Winowiecki "Ron",Jeffrey R Needham
PFE,Charles H Hill "Chuck",Charles E Triano,Sally Susman,Albert Bourla,Laurie J Olson,Brian Byala,Rady A Johnson,Douglas M Lankler "Doug",Freda C Lewis-Hall,John D Young,Mikael Dolsten,Frank A D'Amelio,Ian C Read,Alexander Rod Mackenzie,Kirsten Lund-Jurgensen
PCG,Patrick M Hogan "Pat",Nicholas M Bijur,Janet C Loduca,Steven E Malnight "Steve",Anthony F Earley "Tony",Geisha J Williams,Linda Y H Cheng,Jamie L Martin,Melvin J Christopher,Dinyar B Mistry,John R Simon,Julie M Kane,Jason P Wells,David S Thomason,Edward D Halpin "Ed"
PM,Drago Azinovic,Miroslaw Zielinski "Mirek",Frederic De Wilde,Marc S Firestone,Frank De Rooij,Andre Calantzopoulos,Andreas Franz Kurali,Werner Barth,Paul Janelle,Martin Gray King,Charles Bendotti,Jacek Olczak,Marco Mariotti,Antonio Marques,Jerry E Whitson,Nicholas M Rolli,Patrick Brunel,Jeanne Polles
PSX,Greg C Garland,Zhanna Golodryga,Lawrence M Ziemba "Larry",Rosy Zuklic,Kevin J Mitchell,Chukwuemeka A Oyolu,Robert A Herman "Bob",Timothy G Taylor "Tim",Paula A Johnson
PNW,James R Hatfield,John S Hatfield,Donald E Brandt "Don",Lee R Nickloy,David P Falck,Ted Geisler,Denise R Danner,Robert S Bement "Bob"
PXD,Frank E Hopkins,Richard Paul Dealy,Stephanie D Stewart,Todd C Abbott,Mark H Kleinman,Margaret M Montemayor,Chris J Cheatwood,Kenneth H Sheffield,Timothy Lee Dove,William F Hannes,Mark Stephen Berg,Scott D Sheffield,Teresa A Fairbrook,Joey D Hall
PNC,Michael J Hannon,Joseph E Rockey,William S Demchak,Gregory H Kozich,Gregory B Jordan "Greg",Vicki C Henn,Orlando C Esposito,Steven C Van Wyk "Steve",Bryan K Gill,Karen L Larrimer,Michael P Lyons "Mike",Stacy M Juchno,E William Parsley,Robert Q Reilly
RL,Jonathan Bottomley,Avery S Fischer,Valerie Hermann,Stefan Larsson,Jerome Lauren,Ralph Lauren,David Lauren,Evren Dogan Kopelman,Robert Westreich,Jane Hamilton Nielsen
PPG,Glenn E Bost,Vincent J Morales "Vince",Anne M Foulkes,Herve Tiberghien,Michael H McGarry,Viktoras R Sekmakas,Timothy M Knavish,Scott Minder,Ramprasad Vadlamannati "Ram"
PPL,Gregory N Dudkin "Greg",Joanne H Raphael,William H Spence "Bill",Stephen K Breininger,Vincent Sorgi,Robert A Symons,Joseph P Bergstein "Joe"
PX,Scott E Telesz,Matthew J White,Guillermo Bichara,Eduardo F Menezes,Anne K Roby,Stephen F Angel "Steve",Juan Pelaez,Kelcey E Hoyt
PCLN,Peter J Millones,Michael A Noonan,Jeffery H Boyd,Glenn D Fogel,Daniel J Finnegan
PFG,Gregory B Elming,Daniel Joseph Houston "Dan",Gary P Scholten,Luis Valdes,Timothy M Dunbar "Tim",Deanna D Strable-Soethout,Karen Elizabeth Shaff,Nora Mary Everett,John Egan,James Patrick McCaughan "Jim"
PG,John Chevalier,Mary Lynn Ferguson-McHugh,Giovanni Ciserani,Juan Fernando Posada,Kathleen B Fish "Kathy",Marc S Pritchard,Charles E Pierce,Gary A Coombe,Deborah Platt Majoras,Jon R Moeller,Matthew S Price,Ioannis Skoufalos "Yannis",Carolyn M Tastad,Patrice Louvet,Valarie L Sheppard,William P Gipson,David S Taylor,Javier Polit,Jeffrey K Schomburger "Jeff",Magesvaran Suranjan,Mark F Biegger,Steven D Bishop "Steve",Mohamed Samir
PGR,Glenn M Renwick,John Murphy,Jeffrey W Basch,Michael D Sieger,John P Sauerland,Steve A Broz,John F Auer,Julia Hornack,William M Cody "Bill",Susan Patricia Griffith "Tricia",Lori Niederst,Patrick K Callahan "Pat",Daniel P Mascaro,M Jeffrey Charney "Jeff",John A Barbagallo
PLD,Tracy A Ward,Gary E Anderson,Michael T Blair,Thomas S Olinger "Tom",Edward S Nekritz,Michael S Curless,Hamid R Moghadam,Eugene F Reilly "Gene"
PRU,Robert Michael Falzon,Mark Brown Grier,John R Strangfeld,Richard F Lambert,Ken Tanji,Sharon C Taylor,Timothy P Harris,Barbara G Koster,Mark Finkelstein,Scott G Sleyster,Nicholas C Silitch,Stephen Pelletier,Charles F Lowrey
PEG,Daniel J Cregg "Dan",Kathleen A Lally,Tamara L Linde,Brad Huntington,Stuart J Black,Ralph Izzo,William Levis "Bill",Ralph A Larossa,Derek M Dirisio
PSA,Lily Yan Hughes,Joseph D Russell,Ronald L Havner,Candace N Krol,John Reyes,Clemente Teng,David F Doll
PHM,Todd N Sheldon,Ryan R Marshall,James R Ellinghausen,James P Zeumer "Jim",Bryce Langen,Richard J Dugas,Brien P O' Meara,Robert T O'Shaughnessy "Bob",Harmon D Smith
PVH,Avery Baker,Martijn Hagman,James W Holmes "Jim",Melanie Steiner,Francis K Duane "Ken",David F Kozel "Dave",Raf Simons,Oliver Timm,Gernot Lenz,John Graham,Mark D Fischer,Eileen Mahoney,Daniel Grieder,Frank Cancelloni,Bill McRaith,Dana Perlman,Michael A Shaffer "Mike",Gene Gosselin,Kevin Urban,Emanuel Chirico "Manny",Steven B Shiffman "Steve"
QRVO,Mark J Murphy,James L Klein,Gina B Harrison,Robert A Bruggeworth,Douglas Delieto "Doug",Brandi Frye,Jeffrey C Howland "Jeff",Steven Creviston "Eric"
PWR,Jesse E Morris,Dale L Querrey,Derrick A Jensen,Earl C Austin "Duke",Paul C Gregory,Kip A Rupp,Dorothy Upperman,Randall C Wisenbaker,Nicholas M Grindstaff
QCOM,John Sinnott,Paul Eric Jacobs,George S Davis,James H Thompson "Jim",Derek K Aberle,Cristiano R Amon,Michelle Sterling,Alexander H Rogers,Steven M Mollenkopf "Steve",Donald J Rosenberg,Brian T Modoff,Akash Palkhiwala
DGX,Stephen H Rusckowski,Everett V Cunningham,James E Davis "Jim",Michael E Prevoznik,Mark J Guinan
RRC,Roger S Manny,Laith Sando,Alan W Farquharson,John K Applegath,David P Poole,Jeffrey L Ventura "Jeff",Chad Stephens,Dori A Ginn,Ray N Walker
RJF,George Catanese,Tim Killgoar,Paul Shoukry,Dennis W Zank,Jennifer C Ackart,John C Carson,Paul C Reilly,Jeffrey A Dowdle "Jeff",Jonathan N Santelli,Francis S Godbold "Bo",Jeffrey P Julien,Jeffrey E Trocin "Jeff"
RTN,Rebecca R Rhoads,Richard R Yuse "Rick",Frank R Jimenez,Kevin G Dasilva,Wesley D Kremer,Thomas A Kennedy,Taylor W Lawrence,Randa G Newsome,Anthony F O'Brien "Toby",Michael J Wood "Mike",Todd Ernst,David C Wajsgras "Dave"
O,Paul M Meurer,Tere H Miller,John P Case,Sumit Roy,Robert J Israel,Neil M Abraham,Benjamin N Fox "Ben",Michael R Pfeiffer,Nguyen Dawn
RHT,Timothy B Yeaton "Tim",Michael R Cunningham,Tom McCallum,Paul J Cormier,Paul Argiry,Arun Oberoi,Eric R Shander,James M Whitehurst "Jim",Delisa K Alexander
REG,Mike Kinsella,Ernst Bell,Tom Paul,Doug Shaffer,Stephanie Waidner,Patrick Conway,John Hricko,Dan McFarland Chandler,Patrick McKinley,Lisa Palmer,Patrick Krejs,John Mehigan,Barry Argalas,Snowden Leftwich,Barbara Christie Johnston,Ken Choquette,Michael Mas,James D Thompson "Jim",Martin E Stein "Hap",Mac Chandler
REGN,Andrew Murphy "Drew",Beth F Levine,James P Fandl,David Weinreich,Peter Powchik,Leonard S Schleifer,Joseph J Larosa "Joe",Daniel P Van Plew,Robert J Terifay,Jay S Markowitz,Nicholas Papadopoulos,George D Yancopoulos,Christopher Fenimor,Thomas Daly,Neil Stahl,Michael Aberman,Ned Braunstein,Sally A Paull
RF,William D Ritter "Bill",Ellen S Jones,John B Owen,Scott M Peters,C Matthew Lusco "Matt",John M Turner,Brett D Couch,Fournier J Gale III "Boots",William E Horton "Bill",David J Turner,Dana Nolan,David R Keenan "Dave",O B Grayson Hall,Barbara Godin "Barb",Ronald G Smith "Ronnie",C Keith Herron
RSG,Donald W Slager "Don",Brian Delghiaccio,Stuart Levy,Brian A Bales,Catharine Ellingsen,Jeffrey A Hughes,Marsha Lacy,Charles F Serianni "Chuck",Tom Lynch
RAI,Debra Ann Crew,Susan M Cameron,Joseph P Fragnito "Joe",Andrew D Gilchrist,McDara P Folan,Lisa J Caldwell,John Brice O'Brien,Frederick W Smothers,Robert Bannon "Bob",Michael P Auger "Mike",Martin L Holton "Mark",Daneil A Fawley
RHI,M Keith Waddell,Harold M Messmer,Michael C Buckley,Evelyn Crane-Oliver,Paul F Gentzkow,Robert Wilson Glass
ROK,Patrick Goris,Theodore D Crandall "Ted",John P McDermott,Frank C Kulaszewicz,Steven W Etzel,Rebecca W House "Becky",Robert B Murphy,Jerry Fox,John M Miller,Keith D Nosbusch,David M Dorgan,Sujeet Chand,Blake D Moret,Susan J Schmitt
COL,Thierry Tosi,Greg Irmen,Robert J Perna "Bob",Kent L Statler,Philip J Jasper,Ryan D Miller,Robert K Ortberg "Kelly",James Walker,Nan Mattai,David Nieuwsma "Dave",Dave Schreck,Michael Digeorge "Mike",Alan Prowse,David Poltorak,Steve Timm,Scott Gunnufson,Adam Palmer,Jeffrey D Maclauchlan "Jeff",Bruce M King,Patrick E Allen,Joel Otto,Craig Olson
ROP,Robert Crisci "Rob",Brian D Jellison,John Humphrey,Laurence Neil Hunn,John K Stipancich,Jason Conley,Paul J Soni
ROST,Bernard Brautigan "Bernie",Michael J Hartshorn,Connie Wong,Barbara Rentler,Michael Balmuth,James S Fassio "Jim",Michael B O'Sullivan,John G Call
RCL,Henry L Pujol,Adam M Goldstein,Antje Gibson,Harri U Kulovaara,Jason T Liberty,Carol Cabezas,Lisa Lutoff-Perlo,Michael W Bayley,Richard D Fain
R,John Gleason,Art A Garcia,Frank Lopez,Dennis C Cooke,Robert S Brunn "Bob",Robert E Sanchez,Robert D Fatovic,John J Diez,Karen M Jones,J Steven Sensing "Steve",Melvin L Kirk "Mel"
CRM,Keith G Block,Marc R Benioff,Elizabeth Pinkham,Tony A Prophet,John Cummings,Burke F Norton,Alexandre Dayon "Alex",Cindy Robbins,Mark J Hawkins
SCG,Sarena D Burch,Randal M Senn "Randy",Gina S Champion,W Keller Kissam,Stephen A Byrne,Jimmy E Addison,Ronald T Lindsay "Ron",Kevin B Marsh,Susan Wright,Mark R Cannon,Jeffrey B Archie,Kenneth R Jackson "Kenny",Iris Griffin
SLB,Ashok Belani,Catherine Macgregor,Patrick Schorn,Abdellah Merad,Khaled Al Mogharbel,Gerard Martellozo,Stephane Biguet,Saul R Laureles,Howard Guild,Imran Kizilbash,Simon Farrant,Paal Kibsgaard,Alexander C Juden "Alex",Amerino Gatti,Simon Ayat,Jean-Francois Poupeau,Aaron Gatt Floridia,Mark Danton
SNI,Nello-John Pesci,Mark S Hale,Mark F Schuermann,Kenneth W Lowe,Lori A Hickok,Michael L Gallentine "Mike",Burton Jablin,Cynthia L Gibson
STX,William David Mosley "Dave",Kate Scolnick,Patrick O'Malley,Stephen J Luczo "Steve",David H Morton,Regan J Macpherson,Philip G Brace
SEE,Thomas C Lagaly "Tom",Marc Hamer,Jerome A Peribere,Emile Z Chammas,Lori Chaitman,Susan Edwards,Kenneth P Chrisman "Ken",Alessandra Faccin,Ilham Kadri,Carol P Lowe,Robert L Tatterson "Bob",James Whaley "Jim",Karl R Deily
SRE,Martha B Wyrsch,Joseph A Householder,Gloria Joyce Rowland,Jeffrey W Martin "Jeff",Debra L Reed "Debbie",Kevin Chase,Kathryn J Collier,Steven D Davis,Dennis V Arriola,Trevor I Mihalik,Richard A Vaccari "Rick"
SHW,Sean P Hennessy,Allen J Mistysyn,Thomas P Gilligan,Jeffrey J Miklich,Joel D Baxter,Robert J Wells "Bob",Jane M Cronin,Catherine M Kilbane,John G Morikis,Robert J Davisson,David B Sewell
SIG,Michele Santana,Steven Becker,Bryan Morgan,Mark A Jenkins,James Grant,Sebastian Hobbs,George Murray,Joseph Brenner,Lynn Dennison,Mark S Light
SPG,John Rulli,David J Contis,Steven E Fivel,Alexander L W Snyder "Alex",Richard S Sokolov "Rick",David E Simon,Thomas Ward "Tom",Andrew A Juster "Andy",Steven K Broadwater,Brian J McDade
SWKS,Laura A Gasparini,Robert J Terry,Liam K Griffin,Peter L Gammel,Chris Sennesael "Kris",David J Aldrich,Mitchell J Haws "Mitch"
SLG,Andrew W Mathias,Marc Holliday,Anastasia Verghis,Stephen L Green,Andrew S Levine,Matthew J Diliberto
SNA,Anup R Banerjee,Irwin Michael Shur,Iain Boyd,Aldo J Pagliari,Jeanne M Moreno,Nicholas T Pinchuk,Leslie Kratcoski,Constance R Johnsen,Thomas Leonard Kassouf,Thomas J Ward
SO,Daniel S Tucker "Dan",Thomas A Fanning "Tom",Arthur P Beattie,Aaron Abramovitz,Kimberly S Greene "Kim",W Paul Bowers,Mark A Crosswhite
LUV,Marcy Brand,Mark R Shaw,Arthur Jefferson Lamb "Jeff",Chris Monroe,Erika Linford,Andrew Watterson,Robert E Jordan "Bob",Gary C Kelly,Bill Tierney,Greg Wells,Steve Goldberg,Michael G Van De Ven "Mike",Tammy Romo,Craig Maccubbin,Ryan Green,Thomas M Nealon "Tom"
SPGI,Douglas L Peterson,Paul J Sheard,Ewout Lucien Steenbergen,Nancy J Luquette,Robert S Merritt "Chip",Steven J Kemps "Steve",Krishna Nathan,Alex Matturri,Robert J Mackay,David M Goldenberg,France M Gingras,Courtney Geduldig,Martina L Cheung,Michael Chinn,John L Berisford,Martin Fraenkel
SWK,Steven J Stafstrom,Michael A Bartone,Joseph R Voelker "Joe",Craig A Douglas,Donald Allan,Ben S Sihota,James Michael Loree "Jim",Rhonda O Gass,James J Cannon,William Scott Taylor,Greg Waybright,John H Wyatt,Lee B McChesney,Jaime A Ramirez,Jeffrey D Ansell,Bruce H Beatt
SPLS,Jeffrey L Hall,Christine T Komola,Joseph G Doody "Joe",John B Wilson,Mark Conte,Shira D Goodman,John Butcha,Steven E Matyas "Steve",Neil Ringel,Chris Powers
SBUX,Chris Carr,Howard D Schultz,Sara Trilling,Tal Saraf,Katie Seawell,Zeta Smith,Pam Greer,Scott Harlan Maw,Lucy Lee Helm,Mesh Gelman,Tony Matta,Clifford Burrows "Cliff",Kevin R Johnson,Sandra Stark,Thomas D Shaw "Tom",Michael A Conway,John Winchester Culver,Martin Brok,Richard Tait,Tom Ferguson
STT,Ravi Arimilli,Andrew Erickson,Louis D Maiuri,Antoine Shagoury,Eric W Aboaf,Anthony Ostler,Tracy A Atkinson,Sean P Newth,Seck Wai Kwong,Martine Bond,Kathryn M Horgan,Alison A Quirk,Jeff Conway,George E Sullivan,Karen C Keenan,Joseph L Hooley,Michael F Rogers "Mike",Ronald P O'Hanley "Ron",David C Phelan,Jeffrey N Carp,Andrew Kuritzkes
SRCL,Ruth-Ellen Abdulmassih,John P Schetz,Charles A Alutto "Charlie",Richard J Hoffman,Brenda Frank,Daniel V Ginnetti,Joseph Brent Arnold,Michael J Collins "Mike"
SYK,Yin C Becker,Lonny J Carpenter,Graham A McLean,Timothy J Scannell,Glenn S Boehnlein,M Kathryn Fink "Katy",Jeanne M Blondia,David K Floyd,Michael D Hutchinson,Kevin A Lobo,William E Berry,Bijoy S N Sagar,Katherine A Owen
STI,Susan Somersille Johnson,Laura Allison Dukes,Jerome T Lienhard,Anil T Cheriyan,Raymond D Fortin,Brad R Dinsmore,Al Kolesar,Jenna Kelly,Ankur Vyas,William H Rogers "Bill",Mark Alan Chancy,Margaret L Callihan,Thomas E Freeman,Aleem Gillani,John G Stallings
SYMC,Michael Fey "Mike",Jonathan Doros,Scott C Taylor,Gregory S Clark "Greg",Sheila B Jordan,Francis C Rosch "Fran",Hugh Thompson,Rajal M Patel,John Sorensen,Michael Williams,Roxane Divol,Nicholas R Noviello,Mark S Garfield,Amy Cappellanti-Wolf
SYF,Daniel Conroy,David Fasoli,David P Melito,Henry F Greig,Margaret M Keane,Thomas M Quindlen "Tom",Jonathan S Mothner "Jon",Glenn P Marino,Greg Ketron
SNPS,Joseph W Logan "Joe",Lisa L Ewbank,Brian M Beattie,Trac Pham,John F Runkel,Aart J De Geus,Chi-Foon Chan
SYY,Adam S Skorecki,Joel T Grade,William J Delaney "Bill",R Scott Charlton,Wayne R Shurts,Greg D Bertrand,William B Day "Bill",Anita Zielinski,Paul T Moskowitz,Ajoy H Karna,Neil A Russell,Brian C Beach,William W Goetz "Bill",Thomas L Bene "Tom",Scott A Sonnemaker,Russell T Libby
TROW,Edward Cage Bernard,Jessica M Hiebler,Christopher David Alderson,William Joseph Stromberg "Bill",Deanna R Fidler,Kenneth Van Moreland,David Oestreicher
TGT,Janna Adair Potts,Rich Agostino,John Hulbert,Casey L Carl,Mark J Tritton,John J Mulligan,Brian C Cornell,Don H Liu,Laysha L Ward,Stephanie A Lundquist,Jacqueline Hourigan Rice "Jackie",Rick H Gomez,Catherine R Smith "Cathy",Michael E McNamara "Mike"
TEL,Terrence R Curtin,Robert J Ott,Sujal Shah,Timothy Murphy "Tim",Heath A Mitts,Kevin N Rock,Steven T Merkt,Robert N Shaddock,John S Jenkins,Mario Calastri,Joseph B Donahue "Joe",Harold G Barksdale,Joan E Wainwright,Sameer Pagnis,James O'Toole,Thomas J Lynch "Tom",Eric J Resch
TGNA,Akin S Harrison,Anne Bentley,Jeffrey Heinz,David T Lougee "Dave",Gracia C Martore,John A Williams "Jack",Jeff Newman,Victoria Dux Harker,William A Behan "Bill",Todd A Mayman
TDC,Gregg Swearingen,Laura Jividen,John Dinning,Suzanne Zoumaras,Oliver Ratzesberger,Daniel L Harrington,Victor Lynn Lund,Stephen M Scheppmann,Laura K Nyquist
TSO,Steven M Sterin,Gregory J Goff "Greg",Brad S Lakhia,Cynthia J Warner,Sam Ramraj,Keith M Casey,Kim K W Rucker,Blane W Peery
TXN,Brian T Crutcher,Niels Anderskouv,Cynthia Hoff Trochu,Richard K Templeton "Rich",Ellen L Barker
TXT,E Robert Lupone,Cathy Streker,Frank T Connor,Mary F Lovejoy,Russ Bartlett,Mark S Bamford,Diane K Schwarz,Scott C Donnelly,Julie Duffy,Eric Salander,Dana L Goldberg,Cheryl H Johnson,Thomas N Nichipor,Robert O Rowland,Elizabeth C Perkins
COO,Robert S Weiss,Paul L Remmell,Albert G White,Kim Duncan,Daniel G McBride,Carol R Kaufman,Brian G Andrews,Randal L Golden
HSY,Patricia A Little,Leslie M Turner,Bjork Hupfeld,Javier H Idrovo,Mark K Pogharian,Kevin R Walling,D Michael Wege,Terence L O'Day,Michele G Buck
TRV,Avrohom J Kess "AJ",Michael F Klein,Andrew F Bessette "Andy",Gregory C Toczydlowski "Greg",John P Clifford,Jay Steven Benet,Kenneth Franklin Spence,Brian W MaClean,Thomas M Kunkel,William Heyman,Maria Olivo,Gabriella Nawi,Alan David Schnitzer
TMO,Thomas W Loewald "Tom",Mark P Stevenson,Peter E Hornstra,Stephen Williamson,Kenneth J Apicerno "Ken",Seth H Hoogasian,Anthony H Smith,Marc N Casper,Andrew J Thomson
TIF,Jean Marc Bellaiche,Jennifer De Winter,Mark J Erceg,John S Petterson,Pamela H Cloud,Michael J Kowalski,Leigh M Harlan,Andrew W Hart,Anisa Kamadoli Costa,Philippe Galtie,Caroline D Naggiar,Victoria Berger-Gross,Mark L Aaron
TWX,Paul T Cappuccio,Karen Magee,Howard M Averill,Carol A Melton,Jessica J Holscott,Olaf Olafsson,Gary L Ginsberg,Edward B Ruggiero,Jeffrey L Bewkes "Jeff"
TJX,Kenneth Canestrari "Ken",Ernie Herrman,Michael MacMillan,Carol Meyrowitz,Scott Goldenberg,Jeff Botte,Richard Sherr
TMK,Vern D Herbel,Ben W Lutek,James E McPartland "Bo",Robert Brian Mitchell,Michael Clay Majors "Mike",Roger C Smith,J Matthew Darden,Arvelia M Bowie,Larry M Hutchison,W Michael Pressley,Frank M Svoboda,Carol A McCoy,Gary L Coleman
TSS,Jim Cosgrove,Pamela A M Joseph "Pam",Allen Pettis,M Troy Woods,Philip McHugh,Patricia A Watson "Patty",Shawn Roberts,Paul Michael Todd,G Sanders Griffith,Gaylon M Jowers
TSCO,Kurt D Barton,Christine E Skold,Bob Volke,Gregory A Sandfort "Greg",Steve K Barbarick,Benjamin F Parrish,Chad M Frazell,Robert D Mills
TDG,Halle Fine Terrion,James Skulina,Robert S Henderson,Joel Reiss,John Leary,Kevin M Stein,Bernt G Iversen "Bernie",Liza Sabol,Roger V Jones,Terrance M Paradie,Peter Palmer,W Nicholas Howley,Jorge Valladares
RIG,Mark L Mey,John B Stobart,David A Tonnel,Jeremy D Thigpen,Brady K Long,Bradley Alexander,Howard E Davis
TRIP,Bertrand Jelensperger,Ernst J Teunissen,Stephen Kaufer "Steve",Beth Grous,Gary M Fritz
FOXA,Paul Cheesbrough,James Rupert Murdoch,Gerson A Zweifach,Janet Nova,Chip Smith,H Reed Nolte,Thomas Gaissmaier,Courteney Monroe,Lachlan Keith Murdoch,Keith Rupert Murdoch,John P Nallen
FOX,Paul Cheesbrough,James Rupert Murdoch,Gerson A Zweifach,Janet Nova,Chip Smith,H Reed Nolte,Thomas Gaissmaier,Courteney Monroe,Lachlan Keith Murdoch,Keith Rupert Murdoch,John P Nallen
TSN,Scott Rouse,Stephen R Stouffer "Steve",David L Van Bebber,Gary Cooper,Howell P Carper "Hal",Curt T Calaway,R Read Hudson,Andrew P Callahan "Andy",Mary A Oleksiuk,Scott Stillwell,Sally Grimes,Thomas P Hayes "Tom",Noel W White,Justin Whitmore,Devin Graham,Dennis Leatherby,Jon Kathol
UDR,Thomas W Toomey "Tom",Warren L Troupe,Jerry A Davis,Joseph D Fisher,Harry G Alcock,Christopher G Van Ens
ULTA,Jeffrey J Childs "Jeff",Mary N Dillon,David C Kimbell "Dave",Jodi J Caro,Scott M Settersten,Laurel Lefebvre
USB,Mark G Runkel,Tom Richtman,Jim Kelligrew,P W Parker "Bill",Kent V Stone,Jennifer A Thompson,James Louis Chosy,Katherine B Quinn "Kate",Jennie P Carlson,Gunjan Kedia,Bill Bertha,Jason Witty,Leslie V Godridge,Terrance R Dolan,Jeffry H Von Gillern,Laura Bednarski,Richard K Davis,John R Elmore,Andrew Cecere,Shailesh M Kotwal
UA,Jason Larose,Karl-Heinz Maurath "Charlie",Paul Fipps,James H Hardy "Jim",David E Bergman,John P Stanton,Kevin M Haley,Lance Allega,Kevin A Plank,Kerry D Chandler,Dave Dombrow,Colin Browne,Clay Dean,Andy Donkin,Michael Lee,Kip J Fulks
UAA,Jason Larose,Karl-Heinz Maurath "Charlie",Paul Fipps,James H Hardy "Jim",David E Bergman,John P Stanton,Kevin M Haley,Lance Allega,Kevin A Plank,Kerry D Chandler,Dave Dombrow,Colin Browne,Clay Dean,Andy Donkin,Michael Lee,Kip J Fulks
UNP,Mary Sanders Jones,Robert M Knight "Rob",Cameron A Scott,Michael A Rock "Mike",Patrick J O'Malley "Pat",Jeremy Walker,Todd M Rynaski,Rhonda S Ferguson,Lance M Fritz,Scott D Moore,Mike Staffenbeal,Lynden L Tennison,Elizabeth F Whited "Beth",Eric L Butler
UAL,J Scott Kirby,Gerald Laderman,Julie Yates Stewart,Linda P Jojo,Michael P Bonds,Gregory L Hart,Christopher T Kenny "Chris",Oscar Munoz,Andrew C Levy,Brett J Hart
UNH,Robert W Oberrender,David Scott Wichmann "Dave",Frances Jacobs,Stephen J Hemsley,Larry C Renfro,John Franklin Rex,Marianne Dolores Short,Thomas Roos "Tom",D Ellen Wilson
UPS,Teri Plummer McClure,Teresa M Finley,Scott Childress,Myron A Gray,Juan R Perez,David P Abney,Richard N Peretz,Mark Wallace,Alan Gershenhorn,Norman M Brothers,Kate M Gutmann
URI,Jeffrey J Fenton,William Grace,Christopher K Hummel "Chris",Irene Moshouris,Michael J Kneeland,William B Plummer,Jessica Graziano,Matthew J Flannery "Matt"
UTX,Robert J Bailey,Charles D Gill,Philippe Delpech,David L Gitlin,Robert Francis Leduc "Bob",Robert J McDonough,Michael R Dumais,Akhil Johri,Elizabeth B Amato,David R Whitehouse,Gregory J Hayes "Greg"
UHS,Debra K Osteen,Marc D Miller,Marvin G Pember,Karen Sterner,Alan B Miller,Steve G Filton
UNM,Christopher Joseph Jerome,Peter G O'Donnell,Michael Quinn Simonds "Mike",Richard Paul McKenney,John F McGarry "Jack",Tyler Siira,Thomas A H White "Tom",Lisa G Iglesias,Breege Anne Farrell,Timothy G Arnold "Tim"
VFC,Eric C Wiseman,Steven E Rendle "Steve",Laura C Meagher,Martin Schneider,Anita Graham,Scott A Roe,Joe Alkire,Scott H Baxter,Curtis A Holtz,Bryan H McNeill
VLO,Joseph W Gorder "Joe",Jay D Browning,R Lane Riggs,Gary K Simmons,Michael S Ciskowski "Mike",John P Locke
VAR,Franco N Palomba,Spencer R Sias,John W Kuo,Elisha W Finney,Chris Toth,Kolleen T Kennedy,Corey Zankowski,Gary E Bischoping,Dow R Wilson
VTR,Joseph D Lambert,Todd W Lillibridge,Debra A Cafaro,Robert F Probst "Bob",Gregory R Liebbe,Nicholas W Jacoby "Nick",Ryan K Shannon,T Richard Riney,John D Cobb
VRSN,Todd B Strubbe,D James Bidzos,David Atchley,Thomas C Indelicarto,George E Kilguss
VRSK,Eva F Huston,Nicholas Daffan,Mark V Anquillare,Vincent De P McCarthy,Nana Banerjee,Glenn A McConnell,Kenneth E Thompson,Patrick McLaughlin,Scott G Stephenson,Mark S Magath,Laurie Lovett,Stephen Halliday,David Cohen,Joanna Gassoso
VZ,Marc Christopher Reed,Lowell C McAdam,Matthew D Ellis,Craig L Silliman,Scott D Krohn,William Lee Horton,Diego Scotti,Hans Vestberg,Michael Theodore Stefanski,Roger Gurnani,Anthony T Skiadas "Tony"
VRTX,David Altshuler,Michael J Parini,Jeffrey A Chodakewitz "Jeff",Michael J Lacascia,Paul M Silva,Amit K Sachdev,Ian F Smith,Mario Saltarelli,Jeffrey M Leiden "Jeff",Paul A Negulescu,Stuart A Arbuckle,Michael Partridge,Mark Bunnage,Zachry Barber "Zach",Reshma Kewalramani
VIAB,Keyes Hill-Edgar,Amy Doyle,Wade C Davis,Julia Phelps,Christa A D'Alimonte,James L Bombassei "Jim",Kern Schireson,Katherine Gill-Charest,Toby Nelson,Robert M Bakish "Bob",Bruce Gillmer,Doretha F Lea "Dede",Scott Mills
V,Jim McCarthy,Ryan McInerney,Michael Ross "Mike",Demetrios J Marantis,Vasant M Prabhu,Frederique Covington,William M Sheedy "Bill",Lynne Biggar,Kelly Mahon Tullier,Rajat Taneja,Jack Carsky,Alfred F Kelly,James H Hoffmeister,Ellen Richey
VNO,Steven D Roth,Mitchell N Schear,Alan J Rice,Joseph Macnow,Michael J Franco,David R Greenbaum,Cathy Creswell
VMC,Jerry F Perkins,Thompson S Baker "Tom",Jason P Teter,Mark D Warren,J Thomas Hill "Tom",S Martin Thorpe,David P Clement,Christina M Alvord,C Brockway Lodge "Brock",William K Duke "Kim",Michael R Mills,Ejaz A Khan,Stanley G Bass "Stan",Jeffery G Lott "Jeff",David B Pasley,John R McPherson,C Wes Burton
WMT,Gregory Foran "Greg",M Brett Biggs,John Furner,David M Chojnowski,Rahul Joshi,Ben-Saba Hasan,C Douglas McMillon "Doug",Daniel J Bartlett "Dan",Gordon Y Allison,David Cheesewright,Karen Roberts,Jacqueline P Canney,Marc Lore,James Lee,Steve Schmitt,Jeffrey J Gearhart "Jeff"
WBA,Jason M Dubinsky,Gerald Gradwell,James A Skinner "Jim",Kathleen Wilson-Thompson,Stefano Pessina,Steve Turner,Alexander W Gourlay "Alex",Kimberly R Scardino,Marco Pagni,Ornella Barra,George Rollo Fairweather
DIS,Kevin A Mayer,Nancy Kanter,Jonathan S Headley,Mary Jayne Parker,Courtney Holt,Andrew Sugerman,Alan N Braverman,Robert A Iger "Bob",Brent A Woodford,Lowell J Singer,Christine M McCarthy
WM,Jeff M Harris,Barry H Caldwell,Charles C Boettcher,John J Morris,James C Fish,Ed Egl,Devina A Rankin,James E Trevathan "Jim",Darren K Shade
WAT,Terrance P Kelly,Christopher James O'Connell "Chris",John Lynch,Mark T Beaudouin,Sherry L Buck,Ian S King,David A Terricciano,Michael C Harrington,Elizabeth B Rae,Rohit Khanna
WEC,Charles W Matthews,Robert M Garvin,Susan Ham Martin,Scott J Lauber,Allen L Leverett,Mary Beth Straka
WFC,Avid Modjtabai,John R Shrewsberry,Mary Tabb Mack,Timothy J Sloan,Richard D Levy "Rich",Michael J Loughlin "Mike",Hope A Hardison,David M Carroll,James H Rowe "Jim",Perry G Pelos,C Allen Parker,Franklin R Codel
HCN,Scott A Estes,Michael A Noto,Thomas J Derosa "Tom",John Goodey,Matthew G McQueen,Justin Hill,Shankh Mitra,Mercedes Kerr,Tim McHugh,Christy Contardi Stone,Barbara Montresor,Timothy J Lordan,Justin Skiver
WDC,Stephen D Milligan "Steve",Mark P Long,Michael L C Ray,Martin Fink,Jacqueline M Demaria,Michael D Cordano "Mike",Robert J Blair "Bob"
WU,Odilon Almeida,Elizabeth G Chambers "Libby",Michael A Salop "Mike",John David Thompson,Rajesh K Agrawal "Raj",Richard L Williams,John R Dye,Hikmet T Ersek
WRK,Robert B McIntosh "Bob",Steven C Voorhees "Steve",Matthew Tractenberg "Matt",Jeffrey W Chalovich "Jeff",James B Porter "Jim",Ward H Dickson,Arnold Stephen Meadows,Jennifer Graham-Johnson,Robert A Feeser "Bob"
WY,Beth Baum,Doyle R Simons,Jeanne M Hillman,Denise M Merle,Kristy T Harlan,Adrian M Blocker,Rhonda D Hunter,James A Kilberg,Russell S Hagen
WHR,Joao Carlos Costa Brega,James W Peters,Joseph T Liotine "Joe",Bridget K Quinn,David T Szczupak,Christopher Conley "Chris",Kirsten J Hewitt,Esther Berrozpe Galindo,Jeff Maurice Fettig,Marc Robert Bitzer,Joseph A Lovechio
WFM,David Lannon,Sonya Gafsi Oblisk,Martin Tracey,Glenda J Flanagan,James P Sud "Jim",Brooke Buchanan,Cindy McCann,John P Mackey,Kenneth Meyer "Ken",Jason Buechel,A C Gallo
WMB,John D Seldenrust,T Lane Wilson,John R Dearborn,Francis E Billings "Frank",Alan S Armstrong,John D Porter,James E Scheel,Ted T Timmermans,Walter J Bennett,Micheal G Dunn "Mike",Donald R Chappel "Dan",Rory L Miller,Robyn L Ewing
WLTW,Anne Pullum,John James Haley,Roger F Millay,David Shalders,Anne Donovan Bodnar
WYN,Thomas F Anderson "Tom",Scott G McLester,Stephen P Holmes,Nicola Rossi,Gail Mandel,Thomas G Conforti,Geoffrey A Ballotti "Geoff",Michael D Brown,Margo C Happer,Mary R Falvey
WYNN,Robert J Miller,Craig Billings,John Strzemp,Matthew O Maddox,Kim Sinatra,Stephen A Wynn "Steve"
XEL,Mark E Stoering,Marvin E McDaniel,Kent T Larson,Robert C Frenzel "Bob",Brian J Van Abel,Timothy J O'Connor,Christopher B Clark "Chris",Judy M Poferl,Benjamin Fowke "Ben",Scott M Wilensky,Jeffrey S Savage,Paul A Johnson,David T Hudson,David L Eves
XRX,Herve Tessler,Kevin M Warren,Jeffrey Jacobson "Jeff",Robert E Birkenholz,Darrell Ford,Xavier Heiss,Jennifer Horsley,Mike Feldman,William F Osbourn Jr "Bill",Joseph H Mancini "Joe",Ivy Thomas McKinney,Steve Hoover,Sarah Hlavinka McConnell,Yehia Maaty,Farooq Muzaffar,Kathleen Fanning
XLNX,Lorenzo A Flores,Moshe N Gavrielov,Scott R Hover-Smoot,Lori Owen,Vincent L Tong,Steven L Glaser "Steve",Victor Peng,Kevin Cooney
XL,Charles F A Cooper,Paul Jardine,Kirstin Romann Gould,Michael S McGavick "Mike",Stephen Robb "Steve",Andre Keller,Jacob D Rosengarten,Abbe F Goldstein,Stephen Catlin,W Myron Hendry,Gregory S Hendrick "Greg",Peter R Porrino,Eileen Goss Whelley,Kelly Lyles,Susan L Cross
XYL,Filipe De Sousa "Phil",E Mark Rajkowski,Patrick K Decker,Colin R Sabol,David Flinton,Pak Steven Leung,Kenneth Napolitano "Ken",Kairus K Tarapore,Tomas Brannemo,Claudia S Toussaint
YHOO,Jay A Rossiter,Enrique Munoz Torres,Jeffrey Bonforte "Jeff",Bryan Power,David Filo,Laurance Mann "Laurie",Martha Nelson,Adam Cahan,Joon Huh,Ian Weingarten,Lisa Utzschneider,Debra Berman,Arthur Chong,Marissa A Mayer,Kenneth A Goldman "Ken",Simon A Khalaf,Tsou Kai-Lien "Rose"
YUM,Keith Siegner,Brian R Niccol,Greg Creed,David Eric Russell,Marc L Kesselman,Kevin Hochman,Roger G Eaton,David W Gibbs
ZBH,Robert J Marshall,Daniel P Florin,Robert D Delp,David A Nolan,David C Dvorak,Chad F Phipps,Daniel E Williamson,Katarzyna Mazur-Hofsaess,Sang Yi,Adam Rudolph Johnson
ZION,Mark R Young,Scott J McLean,Stanley D Savage,Paul Burdiss,Harris H Simmons
ZTS,Alejandro Bernal,Juan Ramon Alaix,Catherine A Knupp,Roxanne Lagano,Katherine H Walden,Heidi C Chen,Roman Trawicki,Kristin C Peck,Steve Frank,Andrew Fenton,Glenn David,Clinton A Lewis
